Order_ID,Customer_ID,Customer_Name,Order_Date,Product,Category,Quantity,Actual_Price,Discount_Percent,Discounted_Price,Sales,Total_Cost,Profit,City,State,Payment_Method,Order_Status
ORD101592,CUST1106,Karan Malhotra,13-08-2026,Hoodie,Fashion,1,1799,0,1799,1799,900,899,Chandigarh,Chandigarh,Net Banking,Delivered
ORD100944,CUST1096,Sneha Jain,14-08-2026,Office Chair,Furniture,1,7499,30,5249.3,5249.3,4800,449.3,Kolkata,West Bengal,Debit Card,Delivered
ORD100870,CUST1269,Mohit Verma,15-08-2026,Power Bank,Electronics,2,1599,20,1279.2,2558.4,1800,758.4,Indore,Madhya Pradesh,Net Banking,Delivered
ORD100163,CUST1276,Riya Kumar,16-08-2026,Bluetooth Headphones,Electronics,4,2499,15,2124.15,8496.6,5800,2696.6,Pune,Maharashtra,Cash On Delivery,Delivered
ORD101272,CUST1365,Mohit Jain,17-08-2026,Wireless Mouse,Electronics,1,899,5,854.05,854.05,520,334.05,Faridabad,Haryana,UPI,Delivered
ORD100071,CUST1078,Ankit Jain,18-08-2026,Running Shoes,Footwear,3,2999,10,2699.1,8097.3,5250,2847.3,Chennai,Tamil Nadu,Net Banking,Delivered
ORD100248,CUST1057,Ananya Singh,19-08-2026,Wireless Mouse,Electronics,1,899,25,674.25,674.25,520,154.25,Bengaluru,Karnataka,Debit Card,Delivered
ORD100323,CUST1312,Arjun Singh,20-08-2026,Bluetooth Headphones,Electronics,3,2499,20,1999.2,5997.6,4350,1647.6,Lucknow,Uttar Pradesh,UPI,Delivered
ORD101660,CUST1214,Simran Chauhan,21-08-2026,Desk Lamp,Home & Kitchen,1,1299,20,1039.2,1039.2,650,389.2,Mumbai,Maharashtra,UPI,Delivered
ORD101005,CUST1003,Ankit Chauhan,22-08-2026,Mechanical Keyboard,Electronics,1,3299,25,2474.25,2474.25,1950,524.25,Faridabad,Haryana,Cash On Delivery,Delivered
ORD101663,CUST1440,Priya Jain,23-08-2026,Coffee Maker,Home & Kitchen,1,3499,30,2449.3,2449.3,2100,349.3,Bengaluru,Karnataka,UPI,Delivered
ORD100910,CUST1224,Rahul Yadav,24-08-2026,Smart Watch,Electronics,1,3999,5,3799.05,3799.05,2500,1299.05,Faridabad,Haryana,UPI,Delivered
ORD101226,CUST1220,Vivaan Kumar,25-08-2026,Cotton T-Shirt,Fashion,2,999,15,849.15,1698.3,960,738.3,Hyderabad,Telangana,Credit Card,Cancelled
ORD100902,CUST1201,Nisha Malhotra,26-08-2026,Water Bottle,Home & Kitchen,1,799,0,799,799,350,449,Hyderabad,Telangana,Net Banking,Delivered
ORD100592,CUST1092,Mohit Jain,27-08-2026,Smart Watch,Electronics,3,3999,15,3399.15,10197.45,7500,2697.45,Chennai,Tamil Nadu,Debit Card,Delivered
ORD101274,CUST1051,Riya Verma,28-08-2026,Water Bottle,Home & Kitchen,1,799,5,759.05,759.05,350,409.05,Gurugram,Haryana,Credit Card,Returned
ORD100555,CUST1067,Vivaan Mehta,29-08-2026,Running Shoes,Footwear,2,2999,20,2399.2,4798.4,3500,1298.4,Kolkata,West Bengal,Credit Card,Delivered
ORD101062,CUST1408,Kavya Chauhan,30-08-2026,Hoodie,Fashion,1,1799,20,1439.2,1439.2,900,539.2,Faridabad,Haryana,Credit Card,Delivered
ORD100530,CUST1148,Priya Mehta,31-08-2026,Wireless Mouse,Electronics,1,899,15,764.15,764.15,520,244.15,Kolkata,West Bengal,Cash On Delivery,Delivered
ORD101720,CUST1113,Pooja Kumar,01-09-2026,Bluetooth Headphones,Electronics,2,2499,25,1874.25,3748.5,2900,848.5,Faridabad,Haryana,Net Banking,Delivered
ORD100722,CUST1436,Mohit Gupta,02-09-2026,Wireless Mouse,Electronics,1,899,15,764.15,764.15,520,244.15,Indore,Madhya Pradesh,UPI,Cancelled
ORD100562,CUST1128,Sneha Verma,03-09-2026,Cotton T-Shirt,Fashion,2,999,20,799.2,1598.4,960,638.4,Mumbai,Maharashtra,Debit Card,Delivered
ORD100539,CUST1311,Ankit Singh,04-09-2026,Running Shoes,Footwear,2,2999,15,2549.15,5098.3,3500,1598.3,Kolkata,West Bengal,UPI,Delivered
ORD101254,CUST1118,Mohit Malhotra,05-09-2026,Coffee Maker,Home & Kitchen,1,3499,15,2974.15,2974.15,2100,874.15,Hyderabad,Telangana,Debit Card,Delivered
ORD100496,CUST1152,Aarav Chauhan,06-09-2026,Wireless Mouse,Electronics,1,899,10,809.1,809.1,520,289.1,Pune,Maharashtra,UPI,Delivered
ORD100651,CUST1142,Sneha Singh,07-09-2026,Office Chair,Furniture,1,7499,20,5999.2,5999.2,4800,1199.2,Ahmedabad,Gujarat,UPI,Returned
ORD100716,CUST1124,Kavya Singh,08-09-2026,Running Shoes,Footwear,1,2999,5,2849.05,2849.05,1750,1099.05,Ahmedabad,Gujarat,Debit Card,Cancelled
ORD100531,CUST1091,Isha Verma,09-09-2026,Notebook Set,Stationery,1,499,20,399.2,399.2,210,189.2,Pune,Maharashtra,Debit Card,Delivered
ORD101574,CUST1032,Vikram Yadav,10-09-2026,Laptop Backpack,Accessories,1,1799,10,1619.1,1619.1,950,669.1,Jaipur,Rajasthan,Cash On Delivery,Delivered
ORD101583,CUST1264,Isha Verma,11-09-2026,Casual Sneakers,Footwear,1,2499,10,2249.1,2249.1,1400,849.1,Hyderabad,Telangana,Debit Card,Delivered
ORD101724,CUST1422,Isha Sharma,12-09-2026,Cotton T-Shirt,Fashion,2,999,15,849.15,1698.3,960,738.3,Mumbai,Maharashtra,UPI,Delivered
ORD101299,CUST1028,Mohit Sharma,13-09-2026,Cotton T-Shirt,Fashion,2,999,5,949.05,1898.1,960,938.1,Mumbai,Maharashtra,Debit Card,Delivered
ORD100472,CUST1212,Kavya Mehta,14-09-2026,Air Fryer,Home & Kitchen,1,5999,10,5399.1,5399.1,3800,1599.1,Faridabad,Haryana,Credit Card,Returned
ORD101345,CUST1431,Nisha Yadav,15-09-2026,Desk Lamp,Home & Kitchen,1,1299,10,1169.1,1169.1,650,519.1,Bengaluru,Karnataka,Cash On Delivery,Delivered
ORD100290,CUST1152,Aarav Chauhan,16-09-2026,Mechanical Keyboard,Electronics,1,3299,10,2969.1,2969.1,1950,1019.1,Pune,Maharashtra,UPI,Delivered
ORD101562,CUST1047,Riya Kumar,17-09-2026,Wireless Mouse,Electronics,1,899,20,719.2,719.2,520,199.2,Indore,Madhya Pradesh,Debit Card,Delivered
ORD101634,CUST1009,Priya Verma,18-09-2026,Laptop Backpack,Accessories,1,1799,5,1709.05,1709.05,950,759.05,Pune,Maharashtra,Debit Card,Delivered
ORD100620,CUST1296,Riya Yadav,19-09-2026,Power Bank,Electronics,3,1599,15,1359.15,4077.45,2700,1377.45,Kolkata,West Bengal,Cash On Delivery,Delivered
ORD101428,CUST1356,Sneha Mehta,20-09-2026,Smart Watch,Electronics,1,3999,15,3399.15,3399.15,2500,899.15,Gurugram,Haryana,Credit Card,Delivered
ORD100661,CUST1282,Mohit Verma,21-09-2026,USB-C Hub,Electronics,1,1499,5,1424.05,1424.05,820,604.05,Chandigarh,Chandigarh,Debit Card,Delivered
ORD101487,CUST1225,Priya Gupta,22-09-2026,Wireless Mouse,Electronics,1,899,20,719.2,719.2,520,199.2,Ahmedabad,Gujarat,Net Banking,Delivered
ORD101356,CUST1242,Karan Malhotra,23-09-2026,USB-C Hub,Electronics,1,1499,10,1349.1,1349.1,820,529.1,Pune,Maharashtra,Net Banking,Returned
ORD101741,CUST1388,Riya Yadav,24-09-2026,USB-C Hub,Electronics,4,1499,5,1424.05,5696.2,3280,2416.2,Faridabad,Haryana,Credit Card,Delivered
ORD100353,CUST1086,Aditya Sharma,25-09-2026,Phone Case,Accessories,1,699,15,594.15,594.15,280,314.15,Kolkata,West Bengal,Debit Card,Delivered
ORD100552,CUST1328,Ananya Mehta,26-09-2026,Office Chair,Furniture,1,7499,30,5249.3,5249.3,4800,449.3,Indore,Madhya Pradesh,Credit Card,Delivered
ORD100066,CUST1396,Vivaan Singh,27-09-2026,Bluetooth Headphones,Electronics,1,2499,5,2374.05,2374.05,1450,924.05,Hyderabad,Telangana,UPI,Delivered
ORD101349,CUST1168,Mohit Chauhan,28-09-2026,Notebook Set,Stationery,1,499,20,399.2,399.2,210,189.2,Kolkata,West Bengal,Debit Card,Delivered
ORD100325,CUST1313,Neha Gupta,29-09-2026,Wireless Mouse,Electronics,2,899,0,899,1798,1040,758,Bengaluru,Karnataka,UPI,Delivered
ORD101135,CUST1395,Priya Sharma,30-09-2026,Study Table,Furniture,3,5999,20,4799.2,14397.6,10800,3597.6,Indore,Madhya Pradesh,Debit Card,Delivered
ORD101644,CUST1133,Nisha Mehta,01-10-2026,Air Fryer,Home & Kitchen,2,5999,20,4799.2,9598.4,7600,1998.4,Jaipur,Rajasthan,Credit Card,Delivered
ORD100252,CUST1245,Kavya Jain,02-10-2026,Study Table,Furniture,1,5999,20,4799.2,4799.2,3600,1199.2,Mumbai,Maharashtra,Cash On Delivery,Delivered
ORD101354,CUST1175,Arjun Verma,03-10-2026,Desk Lamp,Home & Kitchen,2,1299,20,1039.2,2078.4,1300,778.4,Hyderabad,Telangana,UPI,Delivered
ORD100611,CUST1351,Priya Jain,04-10-2026,Air Fryer,Home & Kitchen,3,5999,10,5399.1,16197.3,11400,4797.3,Faridabad,Haryana,Net Banking,Delivered
ORD101371,CUST1057,Ananya Singh,05-10-2026,USB-C Hub,Electronics,2,1499,20,1199.2,2398.4,1640,758.4,Bengaluru,Karnataka,Credit Card,Delivered
ORD100679,CUST1062,Sneha Singh,06-10-2026,Air Fryer,Home & Kitchen,1,5999,15,5099.15,5099.15,3800,1299.15,Bengaluru,Karnataka,Cash On Delivery,Delivered
ORD101337,CUST1402,Priya Yadav,07-10-2026,Casual Sneakers,Footwear,2,2499,5,2374.05,4748.1,2800,1948.1,Bengaluru,Karnataka,Credit Card,Delivered
ORD101340,CUST1224,Rahul Yadav,08-10-2026,Mechanical Keyboard,Electronics,2,3299,15,2804.15,5608.3,3900,1708.3,Faridabad,Haryana,Cash On Delivery,Delivered
ORD100030,CUST1325,Nisha Chauhan,09-10-2026,Bluetooth Headphones,Electronics,1,2499,10,2249.1,2249.1,1450,799.1,Bengaluru,Karnataka,Net Banking,Cancelled
ORD101122,CUST1176,Priya Sharma,10-10-2026,Air Fryer,Home & Kitchen,1,5999,10,5399.1,5399.1,3800,1599.1,Noida,Uttar Pradesh,UPI,Cancelled
ORD101710,CUST1062,Sneha Singh,11-10-2026,Phone Case,Accessories,1,699,10,629.1,629.1,280,349.1,Bengaluru,Karnataka,Net Banking,Delivered
ORD100136,CUST1397,Pooja Chauhan,12-10-2026,Air Fryer,Home & Kitchen,2,5999,10,5399.1,10798.2,7600,3198.2,Faridabad,Haryana,Credit Card,Cancelled
ORD100652,CUST1294,Sneha Sharma,13-10-2026,Hoodie,Fashion,1,1799,15,1529.15,1529.15,900,629.15,Jaipur,Rajasthan,UPI,Delivered
ORD101650,CUST1214,Simran Chauhan,14-10-2026,Cotton T-Shirt,Fashion,2,999,0,999,1998,960,1038,Mumbai,Maharashtra,Credit Card,Delivered
ORD100681,CUST1367,Isha Malhotra,15-10-2026,Cotton T-Shirt,Fashion,2,999,15,849.15,1698.3,960,738.3,Delhi,Delhi,UPI,Delivered
ORD101673,CUST1042,Arjun Chauhan,16-10-2026,Mechanical Keyboard,Electronics,3,3299,15,2804.15,8412.45,5850,2562.45,Bengaluru,Karnataka,Credit Card,Delivered
ORD101455,CUST1061,Ankit Jain,17-10-2026,Mechanical Keyboard,Electronics,3,3299,10,2969.1,8907.3,5850,3057.3,Noida,Uttar Pradesh,Credit Card,Returned
ORD101494,CUST1074,Aarav Gupta,18-10-2026,Mechanical Keyboard,Electronics,1,3299,10,2969.1,2969.1,1950,1019.1,Hyderabad,Telangana,Credit Card,Delivered
ORD101311,CUST1318,Arjun Jain,19-10-2026,Smart Watch,Electronics,1,3999,10,3599.1,3599.1,2500,1099.1,Jaipur,Rajasthan,UPI,Returned
ORD100556,CUST1017,Vivaan Mehta,20-10-2026,Water Bottle,Home & Kitchen,1,799,0,799,799,350,449,Chennai,Tamil Nadu,UPI,Returned
ORD101596,CUST1136,Karan Sharma,21-10-2026,Running Shoes,Footwear,3,2999,30,2099.3,6297.9,5250,1047.9,Lucknow,Uttar Pradesh,UPI,Delivered
ORD100383,CUST1271,Pooja Sharma,22-10-2026,Cotton T-Shirt,Fashion,1,999,5,949.05,949.05,480,469.05,Kolkata,West Bengal,Debit Card,Delivered
ORD100174,CUST1198,Pooja Chauhan,23-10-2026,Notebook Set,Stationery,1,499,10,449.1,449.1,210,239.1,Lucknow,Uttar Pradesh,UPI,Delivered
ORD100110,CUST1164,Rohan Sharma,24-10-2026,Wireless Mouse,Electronics,1,899,25,674.25,674.25,520,154.25,Jaipur,Rajasthan,Net Banking,Delivered
ORD100571,CUST1447,Priya Yadav,25-10-2026,Cotton T-Shirt,Fashion,1,999,5,949.05,949.05,480,469.05,Ahmedabad,Gujarat,Cash On Delivery,Delivered
ORD100536,CUST1401,Aarav Kumar,26-10-2026,Wireless Mouse,Electronics,1,899,0,899,899,520,379,Lucknow,Uttar Pradesh,Credit Card,Delivered
ORD101605,CUST1263,Rahul Kumar,27-10-2026,Denim Jeans,Fashion,1,1999,10,1799.1,1799.1,1050,749.1,Ahmedabad,Gujarat,UPI,Delivered
ORD101028,CUST1368,Rohan Jain,28-10-2026,Hoodie,Fashion,1,1799,15,1529.15,1529.15,900,629.15,Pune,Maharashtra,Net Banking,Delivered
ORD100865,CUST1144,Arjun Mehta,29-10-2026,USB-C Hub,Electronics,1,1499,15,1274.15,1274.15,820,454.15,Pune,Maharashtra,Credit Card,Delivered
ORD100240,CUST1102,Mohit Jain,30-10-2026,Running Shoes,Footwear,1,2999,30,2099.3,2099.3,1750,349.3,Lucknow,Uttar Pradesh,Cash On Delivery,Returned
ORD100112,CUST1154,Rahul Mehta,31-10-2026,USB-C Hub,Electronics,1,1499,5,1424.05,1424.05,820,604.05,Indore,Madhya Pradesh,Net Banking,Delivered
ORD101661,CUST1343,Arjun Chauhan,01-11-2026,Bluetooth Headphones,Electronics,1,2499,25,1874.25,1874.25,1450,424.25,Indore,Madhya Pradesh,Net Banking,Delivered
ORD100949,CUST1135,Neha Mehta,02-11-2026,Denim Jeans,Fashion,1,1999,25,1499.25,1499.25,1050,449.25,Delhi,Delhi,UPI,Delivered
ORD100590,CUST1229,Aditya Jain,03-11-2026,Study Table,Furniture,1,5999,10,5399.1,5399.1,3600,1799.1,Chennai,Tamil Nadu,Cash On Delivery,Delivered
ORD100818,CUST1146,Riya Gupta,04-11-2026,Hoodie,Fashion,1,1799,25,1349.25,1349.25,900,449.25,Noida,Uttar Pradesh,Debit Card,Delivered
ORD100024,CUST1134,Ankit Kumar,05-11-2026,USB-C Hub,Electronics,1,1499,10,1349.1,1349.1,820,529.1,Mumbai,Maharashtra,UPI,Delivered
ORD101568,CUST1149,Riya Singh,06-11-2026,Mechanical Keyboard,Electronics,1,3299,15,2804.15,2804.15,1950,854.15,Jaipur,Rajasthan,Cash On Delivery,Delivered
ORD101790,CUST1015,Priya Singh,07-11-2026,Laptop Backpack,Accessories,2,1799,25,1349.25,2698.5,1900,798.5,Chennai,Tamil Nadu,Net Banking,Delivered
ORD101256,CUST1443,Riya Malhotra,08-11-2026,Office Chair,Furniture,3,7499,5,7124.05,21372.15,14400,6972.15,Gurugram,Haryana,Net Banking,Delivered
ORD100519,CUST1029,Priya Verma,09-11-2026,USB-C Hub,Electronics,1,1499,20,1199.2,1199.2,820,379.2,Bengaluru,Karnataka,Cash On Delivery,Delivered
ORD100430,CUST1339,Ananya Sharma,10-11-2026,Mechanical Keyboard,Electronics,2,3299,0,3299,6598,3900,2698,Mumbai,Maharashtra,Cash On Delivery,Returned
ORD100655,CUST1096,Sneha Jain,11-11-2026,Desk Lamp,Home & Kitchen,1,1299,5,1234.05,1234.05,650,584.05,Kolkata,West Bengal,Cash On Delivery,Delivered
ORD100332,CUST1375,Rahul Verma,12-11-2026,Office Chair,Furniture,1,7499,20,5999.2,5999.2,4800,1199.2,Lucknow,Uttar Pradesh,UPI,Delivered
ORD100189,CUST1379,Pooja Kumar,13-11-2026,USB-C Hub,Electronics,1,1499,15,1274.15,1274.15,820,454.15,Delhi,Delhi,Cash On Delivery,Delivered
ORD101726,CUST1132,Karan Yadav,14-11-2026,Air Fryer,Home & Kitchen,1,5999,10,5399.1,5399.1,3800,1599.1,Noida,Uttar Pradesh,Debit Card,Delivered
ORD100384,CUST1385,Aditya Kumar,15-11-2026,Air Fryer,Home & Kitchen,3,5999,15,5099.15,15297.45,11400,3897.45,Pune,Maharashtra,UPI,Delivered
ORD100439,CUST1376,Nisha Verma,16-11-2026,Smart Watch,Electronics,1,3999,15,3399.15,3399.15,2500,899.15,Jaipur,Rajasthan,Cash On Delivery,Delivered
ORD101776,CUST1431,Nisha Yadav,17-11-2026,Power Bank,Electronics,1,1599,15,1359.15,1359.15,900,459.15,Bengaluru,Karnataka,UPI,Delivered
ORD100591,CUST1154,Rahul Mehta,18-11-2026,Office Chair,Furniture,3,7499,15,6374.15,19122.45,14400,4722.45,Indore,Madhya Pradesh,Net Banking,Delivered
ORD100211,CUST1214,Simran Chauhan,19-11-2026,Bluetooth Headphones,Electronics,1,2499,20,1999.2,1999.2,1450,549.2,Mumbai,Maharashtra,UPI,Delivered
ORD100221,CUST1198,Pooja Chauhan,20-11-2026,Hoodie,Fashion,2,1799,10,1619.1,3238.2,1800,1438.2,Lucknow,Uttar Pradesh,Credit Card,Delivered
ORD100204,CUST1375,Rahul Verma,21-11-2026,Air Fryer,Home & Kitchen,3,5999,10,5399.1,16197.3,11400,4797.3,Lucknow,Uttar Pradesh,Net Banking,Delivered
ORD100440,CUST1338,Neha Malhotra,22-11-2026,Study Table,Furniture,1,5999,0,5999,5999,3600,2399,Gurugram,Haryana,Credit Card,Delivered
ORD101620,CUST1429,Rohan Sharma,23-11-2026,Smart Watch,Electronics,3,3999,15,3399.15,10197.45,7500,2697.45,Jaipur,Rajasthan,Net Banking,Delivered
ORD101518,CUST1228,Ananya Mehta,24-11-2026,Casual Sneakers,Footwear,1,2499,20,1999.2,1999.2,1400,599.2,Kolkata,West Bengal,Cash On Delivery,Delivered
ORD101742,CUST1384,Neha Singh,25-11-2026,Denim Jeans,Fashion,1,1999,15,1699.15,1699.15,1050,649.15,Ahmedabad,Gujarat,Cash On Delivery,Delivered
ORD100583,CUST1405,Vikram Yadav,26-11-2026,Notebook Set,Stationery,1,499,15,424.15,424.15,210,214.15,Kolkata,West Bengal,Net Banking,Delivered
ORD101734,CUST1082,Ankit Singh,27-11-2026,Bluetooth Headphones,Electronics,1,2499,20,1999.2,1999.2,1450,549.2,Jaipur,Rajasthan,Credit Card,Delivered
ORD100484,CUST1176,Priya Sharma,28-11-2026,Desk Lamp,Home & Kitchen,3,1299,20,1039.2,3117.6,1950,1167.6,Noida,Uttar Pradesh,Cash On Delivery,Delivered
ORD101250,CUST1273,Riya Sharma,29-11-2026,Air Fryer,Home & Kitchen,2,5999,10,5399.1,10798.2,7600,3198.2,Pune,Maharashtra,Debit Card,Delivered
ORD100783,CUST1244,Rahul Mehta,30-11-2026,Air Fryer,Home & Kitchen,1,5999,25,4499.25,4499.25,3800,699.25,Ahmedabad,Gujarat,Net Banking,Cancelled
ORD100482,CUST1108,Pooja Gupta,01-12-2026,USB-C Hub,Electronics,1,1499,15,1274.15,1274.15,820,454.15,Hyderabad,Telangana,Net Banking,Delivered
ORD100515,CUST1397,Pooja Chauhan,02-12-2026,Office Chair,Furniture,1,7499,20,5999.2,5999.2,4800,1199.2,Faridabad,Haryana,Cash On Delivery,Delivered
ORD100950,CUST1443,Riya Malhotra,03-12-2026,Casual Sneakers,Footwear,1,2499,20,1999.2,1999.2,1400,599.2,Gurugram,Haryana,UPI,Returned
ORD100969,CUST1092,Mohit Jain,04-12-2026,Phone Case,Accessories,1,699,5,664.05,664.05,280,384.05,Chennai,Tamil Nadu,UPI,Delivered
ORD100612,CUST1245,Kavya Jain,05-12-2026,Power Bank,Electronics,3,1599,15,1359.15,4077.45,2700,1377.45,Mumbai,Maharashtra,Debit Card,Delivered
ORD100803,CUST1149,Riya Singh,06-12-2026,Running Shoes,Footwear,1,2999,10,2699.1,2699.1,1750,949.1,Jaipur,Rajasthan,Cash On Delivery,Delivered
ORD100528,CUST1053,Kavya Malhotra,07-12-2026,Power Bank,Electronics,3,1599,15,1359.15,4077.45,2700,1377.45,Kolkata,West Bengal,Net Banking,Delivered
ORD100768,CUST1339,Ananya Sharma,08-12-2026,Office Chair,Furniture,1,7499,20,5999.2,5999.2,4800,1199.2,Mumbai,Maharashtra,UPI,Delivered
ORD100599,CUST1113,Pooja Kumar,09-12-2026,Cotton T-Shirt,Fashion,1,999,5,949.05,949.05,480,469.05,Faridabad,Haryana,Credit Card,Delivered
ORD100116,CUST1315,Priya Kumar,10-12-2026,Bluetooth Headphones,Electronics,1,2499,5,2374.05,2374.05,1450,924.05,Gurugram,Haryana,Net Banking,Delivered
ORD100507,CUST1382,Isha Yadav,11-12-2026,Cotton T-Shirt,Fashion,1,999,0,999,999,480,519,Lucknow,Uttar Pradesh,UPI,Delivered
ORD100545,CUST1389,Ankit Verma,12-12-2026,Power Bank,Electronics,1,1599,5,1519.05,1519.05,900,619.05,Gurugram,Haryana,Net Banking,Delivered
ORD100351,CUST1418,Simran Malhotra,13-12-2026,Coffee Maker,Home & Kitchen,1,3499,15,2974.15,2974.15,2100,874.15,Chennai,Tamil Nadu,Net Banking,Delivered
ORD101388,CUST1193,Aarav Verma,14-12-2026,Air Fryer,Home & Kitchen,2,5999,15,5099.15,10198.3,7600,2598.3,Ahmedabad,Gujarat,Debit Card,Delivered
ORD101718,CUST1182,Rohan Chauhan,15-12-2026,Phone Case,Accessories,1,699,15,594.15,594.15,280,314.15,Indore,Madhya Pradesh,Cash On Delivery,Delivered
ORD101752,CUST1122,Vivaan Jain,16-12-2026,Denim Jeans,Fashion,1,1999,15,1699.15,1699.15,1050,649.15,Gurugram,Haryana,Debit Card,Delivered
ORD101051,CUST1215,Aarav Malhotra,17-12-2026,Laptop Backpack,Accessories,2,1799,20,1439.2,2878.4,1900,978.4,Noida,Uttar Pradesh,Cash On Delivery,Delivered
ORD101202,CUST1265,Isha Yadav,18-12-2026,Water Bottle,Home & Kitchen,3,799,15,679.15,2037.45,1050,987.45,Hyderabad,Telangana,Cash On Delivery,Delivered
ORD100276,CUST1042,Arjun Chauhan,19-12-2026,Phone Case,Accessories,1,699,10,629.1,629.1,280,349.1,Bengaluru,Karnataka,Cash On Delivery,Delivered
ORD100345,CUST1089,Pooja Verma,20-12-2026,Phone Case,Accessories,1,699,5,664.05,664.05,280,384.05,Faridabad,Haryana,UPI,Delivered
ORD101777,CUST1031,Isha Malhotra,21-12-2026,Wireless Mouse,Electronics,1,899,15,764.15,764.15,520,244.15,Chennai,Tamil Nadu,Debit Card,Delivered
ORD101217,CUST1380,Aditya Malhotra,22-12-2026,Bluetooth Headphones,Electronics,2,2499,20,1999.2,3998.4,2900,1098.4,Ahmedabad,Gujarat,Debit Card,Delivered
ORD100711,CUST1255,Karan Gupta,23-12-2026,Desk Lamp,Home & Kitchen,1,1299,5,1234.05,1234.05,650,584.05,Mumbai,Maharashtra,Debit Card,Delivered
ORD100343,CUST1133,Nisha Mehta,24-12-2026,Air Fryer,Home & Kitchen,4,5999,0,5999,23996,15200,8796,Jaipur,Rajasthan,Net Banking,Delivered
ORD101197,CUST1414,Sneha Chauhan,25-12-2026,Casual Sneakers,Footwear,1,2499,25,1874.25,1874.25,1400,474.25,Ahmedabad,Gujarat,Net Banking,Delivered
ORD100483,CUST1243,Mohit Gupta,26-12-2026,Running Shoes,Footwear,1,2999,10,2699.1,2699.1,1750,949.1,Chandigarh,Chandigarh,Debit Card,Returned
ORD100887,CUST1099,Rahul Verma,27-12-2026,Denim Jeans,Fashion,1,1999,10,1799.1,1799.1,1050,749.1,Indore,Madhya Pradesh,Debit Card,Cancelled
ORD100333,CUST1044,Vivaan Kumar,28-12-2026,Water Bottle,Home & Kitchen,2,799,10,719.1,1438.2,700,738.2,Hyderabad,Telangana,Debit Card,Delivered
ORD101166,CUST1304,Rahul Mehta,29-12-2026,Power Bank,Electronics,1,1599,15,1359.15,1359.15,900,459.15,Lucknow,Uttar Pradesh,Cash On Delivery,Delivered
ORD100125,CUST1032,Vikram Yadav,30-12-2026,Casual Sneakers,Footwear,1,2499,5,2374.05,2374.05,1400,974.05,Jaipur,Rajasthan,Net Banking,Delivered
ORD100544,CUST1396,Vivaan Singh,31-12-2026,Smart Watch,Electronics,2,3999,30,2799.3,5598.6,5000,598.6,Hyderabad,Telangana,UPI,Delivered
ORD101125,CUST1051,Riya Verma,01-01-2027,Air Fryer,Home & Kitchen,2,5999,15,5099.15,10198.3,7600,2598.3,Gurugram,Haryana,Credit Card,Returned
ORD100050,CUST1192,Isha Gupta,02-01-2027,Bluetooth Headphones,Electronics,2,2499,15,2124.15,4248.3,2900,1348.3,Bengaluru,Karnataka,Debit Card,Delivered
ORD101212,CUST1300,Neha Jain,03-01-2027,Notebook Set,Stationery,1,499,20,399.2,399.2,210,189.2,Kolkata,West Bengal,Net Banking,Delivered
ORD100427,CUST1125,Kavya Sharma,04-01-2027,USB-C Hub,Electronics,1,1499,20,1199.2,1199.2,820,379.2,Ahmedabad,Gujarat,UPI,Delivered
ORD100701,CUST1058,Priya Mehta,05-01-2027,Office Chair,Furniture,1,7499,30,5249.3,5249.3,4800,449.3,Kolkata,West Bengal,Net Banking,Cancelled
ORD101161,CUST1004,Vivaan Jain,06-01-2027,Wireless Mouse,Electronics,2,899,10,809.1,1618.2,1040,578.2,Chandigarh,Chandigarh,Credit Card,Delivered
ORD101778,CUST1281,Priya Sharma,07-01-2027,Water Bottle,Home & Kitchen,1,799,0,799,799,350,449,Kolkata,West Bengal,Net Banking,Delivered
ORD100893,CUST1438,Sneha Mehta,08-01-2027,Hoodie,Fashion,1,1799,0,1799,1799,900,899,Mumbai,Maharashtra,Credit Card,Cancelled
ORD101165,CUST1041,Isha Singh,09-01-2027,Wireless Mouse,Electronics,1,899,15,764.15,764.15,520,244.15,Jaipur,Rajasthan,Credit Card,Delivered
ORD101512,CUST1068,Kavya Kumar,10-01-2027,USB-C Hub,Electronics,1,1499,25,1124.25,1124.25,820,304.25,Mumbai,Maharashtra,Net Banking,Cancelled
ORD101788,CUST1292,Aditya Sharma,11-01-2027,Power Bank,Electronics,2,1599,15,1359.15,2718.3,1800,918.3,Mumbai,Maharashtra,Credit Card,Delivered
ORD101209,CUST1173,Isha Gupta,12-01-2027,Notebook Set,Stationery,2,499,20,399.2,798.4,420,378.4,Lucknow,Uttar Pradesh,Net Banking,Delivered
ORD101766,CUST1201,Nisha Malhotra,13-01-2027,Water Bottle,Home & Kitchen,2,799,15,679.15,1358.3,700,658.3,Hyderabad,Telangana,Credit Card,Delivered
ORD100234,CUST1320,Kavya Yadav,14-01-2027,Wireless Mouse,Electronics,1,899,5,854.05,854.05,520,334.05,Bengaluru,Karnataka,Cash On Delivery,Delivered
ORD100079,CUST1324,Mohit Mehta,15-01-2027,Phone Case,Accessories,1,699,15,594.15,594.15,280,314.15,Kolkata,West Bengal,UPI,Delivered
ORD100882,CUST1379,Pooja Kumar,16-01-2027,Laptop Backpack,Accessories,1,1799,10,1619.1,1619.1,950,669.1,Delhi,Delhi,UPI,Returned
ORD100615,CUST1051,Riya Verma,17-01-2027,Coffee Maker,Home & Kitchen,1,3499,20,2799.2,2799.2,2100,699.2,Gurugram,Haryana,Credit Card,Delivered
ORD100415,CUST1214,Simran Chauhan,18-01-2027,Air Fryer,Home & Kitchen,1,5999,5,5699.05,5699.05,3800,1899.05,Mumbai,Maharashtra,Debit Card,Delivered
ORD100074,CUST1373,Kavya Kumar,19-01-2027,Bluetooth Headphones,Electronics,2,2499,15,2124.15,4248.3,2900,1348.3,Chandigarh,Chandigarh,Net Banking,Delivered
ORD100621,CUST1160,Isha Malhotra,20-01-2027,Denim Jeans,Fashion,2,1999,0,1999,3998,2100,1898,Mumbai,Maharashtra,Net Banking,Returned
ORD100070,CUST1131,Kavya Verma,21-01-2027,Desk Lamp,Home & Kitchen,2,1299,30,909.3,1818.6,1300,518.6,Hyderabad,Telangana,Debit Card,Delivered
ORD101608,CUST1277,Riya Kumar,22-01-2027,Coffee Maker,Home & Kitchen,1,3499,20,2799.2,2799.2,2100,699.2,Mumbai,Maharashtra,Net Banking,Delivered
ORD101319,CUST1070,Rahul Singh,23-01-2027,Bluetooth Headphones,Electronics,1,2499,15,2124.15,2124.15,1450,674.15,Delhi,Delhi,Cash On Delivery,Delivered
ORD100786,CUST1205,Isha Sharma,24-01-2027,Study Table,Furniture,3,5999,30,4199.3,12597.9,10800,1797.9,Mumbai,Maharashtra,Net Banking,Delivered
ORD100778,CUST1292,Aditya Sharma,25-01-2027,Phone Case,Accessories,1,699,10,629.1,629.1,280,349.1,Mumbai,Maharashtra,Cash On Delivery,Delivered
ORD101755,CUST1179,Arjun Chauhan,26-01-2027,Mechanical Keyboard,Electronics,1,3299,15,2804.15,2804.15,1950,854.15,Bengaluru,Karnataka,Credit Card,Delivered
ORD100451,CUST1077,Isha Gupta,27-01-2027,Office Chair,Furniture,2,7499,18,6374.15,12748.3,9600,3148.3,Gurugram,Haryana,Credit Card,Delivered
ORD100846,CUST1321,Sneha Yadav,28-01-2027,Denim Jeans,Fashion,1,1999,5,1899.05,1899.05,1050,849.05,Kolkata,West Bengal,Cash On Delivery,Delivered
ORD100845,CUST1091,Isha Verma,29-01-2027,Denim Jeans,Fashion,1,1999,15,1699.15,1699.15,1050,649.15,Pune,Maharashtra,Cash On Delivery,Delivered
ORD100868,CUST1092,Mohit Jain,30-01-2027,USB-C Hub,Electronics,1,1499,5,1424.05,1424.05,820,604.05,Chennai,Tamil Nadu,Net Banking,Delivered
ORD100850,CUST1446,Vivaan Malhotra,31-01-2027,Casual Sneakers,Footwear,1,2499,10,2249.1,2249.1,1400,849.1,Indore,Madhya Pradesh,Cash On Delivery,Delivered
ORD101263,CUST1443,Riya Malhotra,01-02-2027,Study Table,Furniture,1,5999,0,5999,5999,3600,2399,Gurugram,Haryana,UPI,Delivered
ORD100077,CUST1127,Arjun Kumar,02-02-2027,Water Bottle,Home & Kitchen,3,799,5,759.05,2277.15,1050,1227.15,Gurugram,Haryana,Debit Card,Delivered
ORD101506,CUST1147,Nisha Kumar,03-02-2027,Wireless Mouse,Electronics,4,899,10,809.1,3236.4,2080,1156.4,Faridabad,Haryana,Debit Card,Delivered
ORD100938,CUST1187,Ankit Kumar,04-02-2027,Study Table,Furniture,1,5999,5,5699.05,5699.05,3600,2099.05,Ahmedabad,Gujarat,Cash On Delivery,Cancelled
ORD101522,CUST1235,Arjun Yadav,05-02-2027,Denim Jeans,Fashion,1,1999,10,1799.1,1799.1,1050,749.1,Kolkata,West Bengal,Debit Card,Delivered
ORD101287,CUST1162,Neha Yadav,06-02-2027,Wireless Mouse,Electronics,2,899,15,764.15,1528.3,1040,488.3,Jaipur,Rajasthan,Credit Card,Delivered
ORD100781,CUST1379,Pooja Kumar,07-02-2027,Laptop Backpack,Accessories,2,1799,0,1799,3598,1900,1698,Delhi,Delhi,Debit Card,Delivered
ORD101363,CUST1027,Vikram Singh,08-02-2027,Air Fryer,Home & Kitchen,1,5999,0,5999,5999,3800,2199,Chennai,Tamil Nadu,UPI,Delivered
ORD101327,CUST1361,Aditya Yadav,09-02-2027,Denim Jeans,Fashion,1,1999,20,1599.2,1599.2,1050,549.2,Faridabad,Haryana,UPI,Delivered
ORD100702,CUST1083,Ankit Chauhan,10-02-2027,Coffee Maker,Home & Kitchen,1,3499,15,2974.15,2974.15,2100,874.15,Chennai,Tamil Nadu,Debit Card,Returned
ORD101240,CUST1237,Ankit Singh,11-02-2027,Water Bottle,Home & Kitchen,1,799,10,719.1,719.1,350,369.1,Jaipur,Rajasthan,Credit Card,Delivered
ORD100706,CUST1308,Sneha Jain,12-02-2027,USB-C Hub,Electronics,2,1499,5,1424.05,2848.1,1640,1208.1,Jaipur,Rajasthan,Net Banking,Delivered
ORD101321,CUST1105,Karan Malhotra,13-02-2027,Air Fryer,Home & Kitchen,1,5999,15,5099.15,5099.15,3800,1299.15,Gurugram,Haryana,Net Banking,Delivered
ORD100031,CUST1086,Aditya Sharma,14-02-2027,Wireless Mouse,Electronics,1,899,10,809.1,809.1,520,289.1,Kolkata,West Bengal,Cash On Delivery,Delivered
ORD101320,CUST1120,Rahul Jain,15-02-2027,Desk Lamp,Home & Kitchen,3,1299,0,1299,3897,1950,1947,Gurugram,Haryana,Credit Card,Delivered
ORD101465,CUST1054,Kavya Jain,16-02-2027,Running Shoes,Footwear,1,2999,15,2549.15,2549.15,1750,799.15,Bengaluru,Karnataka,Credit Card,Returned
ORD101636,CUST1124,Kavya Singh,17-02-2027,Casual Sneakers,Footwear,1,2499,5,2374.05,2374.05,1400,974.05,Ahmedabad,Gujarat,Debit Card,Delivered
ORD100368,CUST1397,Pooja Chauhan,18-02-2027,Denim Jeans,Fashion,1,1999,5,1899.05,1899.05,1050,849.05,Faridabad,Haryana,UPI,Delivered
ORD100409,CUST1433,Riya Jain,19-02-2027,USB-C Hub,Electronics,1,1499,30,1049.3,1049.3,820,229.3,Bengaluru,Karnataka,UPI,Delivered
ORD101030,CUST1228,Ananya Mehta,20-02-2027,Water Bottle,Home & Kitchen,2,799,20,639.2,1278.4,700,578.4,Kolkata,West Bengal,UPI,Delivered
ORD101396,CUST1312,Arjun Singh,21-02-2027,Notebook Set,Stationery,1,499,15,424.15,424.15,210,214.15,Lucknow,Uttar Pradesh,UPI,Delivered
ORD101413,CUST1239,Riya Sharma,22-02-2027,Casual Sneakers,Footwear,2,2499,10,2249.1,4498.2,2800,1698.2,Lucknow,Uttar Pradesh,UPI,Delivered
ORD100100,CUST1191,Aarav Yadav,23-02-2027,Casual Sneakers,Footwear,2,2499,10,2249.1,4498.2,2800,1698.2,Hyderabad,Telangana,Net Banking,Delivered
ORD101145,CUST1030,Pooja Jain,24-02-2027,Air Fryer,Home & Kitchen,2,5999,5,5699.05,11398.1,7600,3798.1,Chennai,Tamil Nadu,Debit Card,Delivered
ORD101109,CUST1125,Kavya Sharma,25-02-2027,Laptop Backpack,Accessories,1,1799,15,1529.15,1529.15,950,579.15,Ahmedabad,Gujarat,UPI,Delivered
ORD101638,CUST1253,Karan Singh,26-02-2027,USB-C Hub,Electronics,1,1499,20,1199.2,1199.2,820,379.2,Bengaluru,Karnataka,Debit Card,Delivered
ORD101090,CUST1104,Kavya Yadav,27-02-2027,Bluetooth Headphones,Electronics,1,2499,15,2124.15,2124.15,1450,674.15,Chandigarh,Chandigarh,Credit Card,Delivered
ORD100856,CUST1262,Arjun Chauhan,28-02-2027,USB-C Hub,Electronics,2,1499,10,1349.1,2698.2,1640,1058.2,Hyderabad,Telangana,Cash On Delivery,Delivered
ORD100788,CUST1069,Neha Sharma,01-03-2027,Desk Lamp,Home & Kitchen,1,1299,15,1104.15,1104.15,650,454.15,Chandigarh,Chandigarh,Debit Card,Delivered
ORD100169,CUST1330,Vivaan Gupta,02-03-2027,Mechanical Keyboard,Electronics,1,3299,25,2474.25,2474.25,1950,524.25,Mumbai,Maharashtra,UPI,Delivered
ORD100943,CUST1025,Sneha Malhotra,03-03-2027,Air Fryer,Home & Kitchen,1,5999,5,5699.05,5699.05,3800,1899.05,Faridabad,Haryana,Debit Card,Returned
ORD100213,CUST1101,Vikram Yadav,04-03-2027,Coffee Maker,Home & Kitchen,3,3499,5,3324.05,9972.15,6300,3672.15,Ahmedabad,Gujarat,Debit Card,Delivered
ORD101545,CUST1002,Sneha Singh,05-03-2027,Hoodie,Fashion,1,1799,20,1439.2,1439.2,900,539.2,Delhi,Delhi,Cash On Delivery,Delivered
ORD101044,CUST1053,Kavya Malhotra,06-03-2027,Phone Case,Accessories,1,699,15,594.15,594.15,280,314.15,Kolkata,West Bengal,Cash On Delivery,Delivered
ORD101728,CUST1343,Arjun Chauhan,07-03-2027,USB-C Hub,Electronics,1,1499,10,1349.1,1349.1,820,529.1,Indore,Madhya Pradesh,Debit Card,Delivered
ORD100481,CUST1006,Priya Yadav,08-03-2027,Power Bank,Electronics,1,1599,15,1359.15,1359.15,900,459.15,Jaipur,Rajasthan,Net Banking,Delivered
ORD101594,CUST1059,Aarav Verma,09-03-2027,Mechanical Keyboard,Electronics,4,3299,0,3299,13196,7800,5396,Indore,Madhya Pradesh,Credit Card,Delivered
ORD101441,CUST1430,Sneha Chauhan,10-03-2027,Smart Watch,Electronics,2,3999,20,3199.2,6398.4,5000,1398.4,Pune,Maharashtra,Cash On Delivery,Returned
ORD101747,CUST1137,Arjun Yadav,11-03-2027,Study Table,Furniture,1,5999,5,5699.05,5699.05,3600,2099.05,Chandigarh,Chandigarh,Net Banking,Delivered
ORD100033,CUST1344,Ankit Mehta,12-03-2027,Office Chair,Furniture,2,7499,30,5249.3,10498.6,9600,898.6,Hyderabad,Telangana,Debit Card,Delivered
ORD100918,CUST1446,Vivaan Malhotra,13-03-2027,Water Bottle,Home & Kitchen,1,799,5,759.05,759.05,350,409.05,Indore,Madhya Pradesh,Cash On Delivery,Delivered
ORD101164,CUST1164,Rohan Sharma,14-03-2027,Mechanical Keyboard,Electronics,2,3299,20,2639.2,5278.4,3900,1378.4,Jaipur,Rajasthan,UPI,Cancelled
ORD100421,CUST1272,Arjun Verma,15-03-2027,Casual Sneakers,Footwear,2,2499,15,2124.15,4248.3,2800,1448.3,Kolkata,West Bengal,Credit Card,Delivered
ORD101443,CUST1296,Riya Yadav,16-03-2027,Casual Sneakers,Footwear,1,2499,5,2374.05,2374.05,1400,974.05,Kolkata,West Bengal,Net Banking,Delivered
ORD101188,CUST1225,Priya Gupta,17-03-2027,Coffee Maker,Home & Kitchen,1,3499,15,2974.15,2974.15,2100,874.15,Ahmedabad,Gujarat,UPI,Returned
ORD101305,CUST1138,Ankit Singh,18-03-2027,Phone Case,Accessories,1,699,20,559.2,559.2,280,279.2,Delhi,Delhi,Net Banking,Delivered
ORD100904,CUST1336,Nisha Jain,19-03-2027,Study Table,Furniture,2,5999,5,5699.05,11398.1,7200,4198.1,Pune,Maharashtra,Net Banking,Cancelled
ORD100186,CUST1415,Simran Sharma,20-03-2027,Power Bank,Electronics,1,1599,15,1359.15,1359.15,900,459.15,Chandigarh,Chandigarh,Cash On Delivery,Delivered
ORD100963,CUST1118,Mohit Malhotra,21-03-2027,Power Bank,Electronics,3,1599,5,1519.05,4557.15,2700,1857.15,Hyderabad,Telangana,Debit Card,Delivered
ORD101541,CUST1245,Kavya Jain,22-03-2027,Office Chair,Furniture,2,7499,20,5999.2,11998.4,9600,2398.4,Mumbai,Maharashtra,Debit Card,Delivered
ORD100271,CUST1146,Riya Gupta,23-03-2027,Casual Sneakers,Footwear,2,2499,10,2249.1,4498.2,2800,1698.2,Noida,Uttar Pradesh,Debit Card,Delivered
ORD100045,CUST1263,Rahul Kumar,24-03-2027,Desk Lamp,Home & Kitchen,1,1299,5,1234.05,1234.05,650,584.05,Ahmedabad,Gujarat,UPI,Delivered
ORD100372,CUST1243,Mohit Gupta,25-03-2027,Study Table,Furniture,2,5999,15,5099.15,10198.3,7200,2998.3,Chandigarh,Chandigarh,UPI,Returned
ORD100584,CUST1201,Nisha Malhotra,26-03-2027,Notebook Set,Stationery,1,499,20,399.2,399.2,210,189.2,Hyderabad,Telangana,UPI,Delivered
ORD100942,CUST1091,Isha Verma,27-03-2027,USB-C Hub,Electronics,2,1499,20,1199.2,2398.4,1640,758.4,Pune,Maharashtra,UPI,Delivered
ORD100819,CUST1305,Nisha Chauhan,28-03-2027,Mechanical Keyboard,Electronics,2,3299,15,2804.15,5608.3,3900,1708.3,Kolkata,West Bengal,Credit Card,Delivered
ORD100197,CUST1232,Pooja Singh,29-03-2027,Cotton T-Shirt,Fashion,1,999,20,799.2,799.2,480,319.2,Jaipur,Rajasthan,Credit Card,Delivered
ORD100899,CUST1139,Mohit Malhotra,30-03-2027,Coffee Maker,Home & Kitchen,1,3499,20,2799.2,2799.2,2100,699.2,Bengaluru,Karnataka,UPI,Delivered
ORD101008,CUST1245,Kavya Jain,31-03-2027,Air Fryer,Home & Kitchen,1,5999,30,4199.3,4199.3,3800,399.3,Mumbai,Maharashtra,Net Banking,Delivered
ORD100238,CUST1288,Aarav Kumar,01-04-2027,Office Chair,Furniture,4,7499,30,5249.3,20997.2,19200,1797.2,Chennai,Tamil Nadu,Debit Card,Delivered
ORD100060,CUST1074,Aarav Gupta,02-04-2027,Mechanical Keyboard,Electronics,1,3299,5,3134.05,3134.05,1950,1184.05,Hyderabad,Telangana,Cash On Delivery,Delivered
ORD101227,CUST1124,Kavya Singh,03-04-2027,Air Fryer,Home & Kitchen,1,5999,25,4499.25,4499.25,3800,699.25,Ahmedabad,Gujarat,Debit Card,Delivered
ORD100399,CUST1254,Priya Gupta,04-04-2027,Notebook Set,Stationery,3,499,0,499,1497,630,867,Chandigarh,Chandigarh,Debit Card,Delivered
ORD100989,CUST1393,Mohit Mehta,05-04-2027,USB-C Hub,Electronics,1,1499,20,1199.2,1199.2,820,379.2,Bengaluru,Karnataka,Net Banking,Delivered
ORD101470,CUST1295,Riya Chauhan,06-04-2027,Laptop Backpack,Accessories,1,1799,25,1349.25,1349.25,950,399.25,Hyderabad,Telangana,Debit Card,Delivered
ORD100366,CUST1090,Isha Mehta,07-04-2027,Wireless Mouse,Electronics,2,899,25,674.25,1348.5,1040,308.5,Lucknow,Uttar Pradesh,Cash On Delivery,Delivered
ORD101561,CUST1175,Arjun Verma,08-04-2027,USB-C Hub,Electronics,2,1499,10,1349.1,2698.2,1640,1058.2,Hyderabad,Telangana,Credit Card,Delivered
ORD100308,CUST1325,Nisha Chauhan,09-04-2027,Phone Case,Accessories,1,699,20,559.2,559.2,280,279.2,Bengaluru,Karnataka,Debit Card,Returned
ORD101453,CUST1024,Ankit Chauhan,10-04-2027,Running Shoes,Footwear,1,2999,10,2699.1,2699.1,1750,949.1,Noida,Uttar Pradesh,Credit Card,Delivered
ORD101273,CUST1226,Nisha Yadav,11-04-2027,Study Table,Furniture,1,5999,20,4799.2,4799.2,3600,1199.2,Ahmedabad,Gujarat,Cash On Delivery,Returned
ORD100124,CUST1173,Isha Gupta,12-04-2027,Denim Jeans,Fashion,2,1999,15,1699.15,3398.3,2100,1298.3,Lucknow,Haryana,Credit Card,Delivered
ORD100772,CUST1304,Rahul Mehta,13-04-2027,Air Fryer,Home & Kitchen,1,5999,15,5099.15,5099.15,3800,1299.15,Lucknow,Uttar Pradesh,Debit Card,Delivered
ORD100255,CUST1256,Nisha Malhotra,14-04-2027,Power Bank,Electronics,1,1599,25,1199.25,1199.25,900,299.25,Chennai,Tamil Nadu,UPI,Returned
ORD100306,CUST1171,Neha Gupta,15-04-2027,Smart Watch,Electronics,3,3999,25,2999.25,8997.75,7500,1497.75,Jaipur,Rajasthan,UPI,Delivered
ORD101023,CUST1041,Isha Singh,16-04-2027,Coffee Maker,Home & Kitchen,3,3499,20,2799.2,8397.6,6300,2097.6,Jaipur,Rajasthan,Cash On Delivery,Delivered
ORD100683,CUST1397,Pooja Chauhan,17-04-2027,Power Bank,Electronics,1,1599,15,1359.15,1359.15,900,459.15,Faridabad,Haryana,UPI,Delivered
ORD101117,CUST1262,Arjun Chauhan,18-04-2027,Power Bank,Electronics,2,1599,5,1519.05,3038.1,1800,1238.1,Hyderabad,Telangana,Debit Card,Delivered
ORD101552,CUST1080,Priya Malhotra,19-04-2027,Wireless Mouse,Electronics,1,899,20,719.2,719.2,520,199.2,Chennai,Tamil Nadu,Net Banking,Delivered
ORD101637,CUST1272,Arjun Verma,20-04-2027,Laptop Backpack,Accessories,3,1799,25,1349.25,4047.75,2850,1197.75,Kolkata,West Bengal,Credit Card,Delivered
ORD101369,CUST1351,Priya Jain,21-04-2027,Hoodie,Fashion,3,1799,15,1529.15,4587.45,2700,1887.45,Faridabad,Haryana,Credit Card,Delivered
ORD101475,CUST1350,Vivaan Sharma,22-04-2027,USB-C Hub,Electronics,2,1499,30,1049.3,2098.6,1640,458.6,Indore,Madhya Pradesh,Debit Card,Delivered
ORD101180,CUST1133,Nisha Mehta,23-04-2027,Water Bottle,Home & Kitchen,1,799,15,679.15,679.15,350,329.15,Jaipur,Rajasthan,Net Banking,Delivered
ORD101780,CUST1299,Ananya Malhotra,24-04-2027,Smart Watch,Electronics,2,3999,10,3599.1,7198.2,5000,2198.2,Ahmedabad,Gujarat,Net Banking,Delivered
ORD100298,CUST1297,Rohan Yadav,25-04-2027,Cotton T-Shirt,Fashion,1,999,10,899.1,899.1,480,419.1,Jaipur,Rajasthan,Debit Card,Cancelled
ORD101014,CUST1108,Pooja Gupta,26-04-2027,Coffee Maker,Home & Kitchen,2,3499,20,2799.2,5598.4,4200,1398.4,Hyderabad,Telangana,Cash On Delivery,Delivered
ORD100367,CUST1381,Arjun Mehta,27-04-2027,Bluetooth Headphones,Electronics,3,2499,25,1874.25,5622.75,4350,1272.75,Lucknow,Uttar Pradesh,Debit Card,Delivered
ORD101437,CUST1358,Isha Malhotra,28-04-2027,Air Fryer,Home & Kitchen,1,5999,10,5399.1,5399.1,3800,1599.1,Chennai,Tamil Nadu,Cash On Delivery,Delivered
ORD101548,CUST1429,Rohan Sharma,29-04-2027,Water Bottle,Home & Kitchen,1,799,15,679.15,679.15,350,329.15,Jaipur,Rajasthan,Credit Card,Delivered
ORD101760,CUST1259,Simran Sharma,30-04-2027,Water Bottle,Home & Kitchen,1,799,0,799,799,350,449,Pune,Maharashtra,UPI,Delivered
ORD100352,CUST1027,Vikram Singh,01-05-2027,Notebook Set,Stationery,2,499,15,424.15,848.3,420,428.3,Chennai,Tamil Nadu,Credit Card,Delivered
ORD100068,CUST1137,Arjun Yadav,02-05-2027,Water Bottle,Home & Kitchen,1,799,15,679.15,679.15,350,329.15,Chandigarh,Chandigarh,Cash On Delivery,Delivered
ORD101081,CUST1056,Karan Malhotra,03-05-2027,Hoodie,Fashion,2,1799,10,1619.1,3238.2,1800,1438.2,Kolkata,West Bengal,UPI,Cancelled
ORD101612,CUST1050,Neha Verma,04-05-2027,USB-C Hub,Electronics,1,1499,10,1349.1,1349.1,820,529.1,Mumbai,Maharashtra,Debit Card,Delivered
ORD100746,CUST1307,Kavya Kumar,05-05-2027,Air Fryer,Home & Kitchen,2,5999,0,5999,11998,7600,4398,Hyderabad,Telangana,Credit Card,Delivered
ORD101269,CUST1371,Riya Malhotra,06-05-2027,Phone Case,Accessories,1,699,0,699,699,280,419,Pune,Maharashtra,UPI,Delivered
ORD101736,CUST1029,Priya Verma,07-05-2027,Air Fryer,Home & Kitchen,1,5999,10,5399.1,5399.1,3800,1599.1,Bengaluru,Karnataka,Net Banking,Delivered
ORD100395,CUST1373,Kavya Kumar,08-05-2027,Desk Lamp,Home & Kitchen,2,1299,20,1039.2,2078.4,1300,778.4,Chandigarh,Chandigarh,Net Banking,Cancelled
ORD100734,CUST1403,Pooja Malhotra,09-05-2027,Smart Watch,Electronics,1,3999,15,3399.15,3399.15,2500,899.15,Jaipur,Rajasthan,Credit Card,Delivered
ORD100814,CUST1265,Isha Yadav,10-05-2027,USB-C Hub,Electronics,1,1499,20,1199.2,1199.2,820,379.2,Hyderabad,Telangana,Credit Card,Delivered
ORD101351,CUST1221,Nisha Kumar,11-05-2027,Laptop Backpack,Accessories,4,1799,5,1709.05,6836.2,3800,3036.2,Delhi,Delhi,Debit Card,Returned
ORD100304,CUST1424,Arjun Sharma,12-05-2027,Smart Watch,Electronics,1,3999,20,3199.2,3199.2,2500,699.2,Chandigarh,Chandigarh,UPI,Delivered
ORD100594,CUST1291,Vivaan Chauhan,13-05-2027,Mechanical Keyboard,Electronics,1,3299,20,2639.2,2639.2,1950,689.2,Bengaluru,Karnataka,UPI,Delivered
ORD101380,CUST1052,Riya Sharma,14-05-2027,Water Bottle,Home & Kitchen,3,799,0,799,2397,1050,1347,Mumbai,Maharashtra,Credit Card,Delivered
ORD101425,CUST1071,Nisha Gupta,15-05-2027,Coffee Maker,Home & Kitchen,1,3499,20,2799.2,2799.2,2100,699.2,Mumbai,Maharashtra,Credit Card,Delivered
ORD101498,CUST1307,Kavya Kumar,16-05-2027,Casual Sneakers,Footwear,1,2499,10,2249.1,2249.1,1400,849.1,Hyderabad,Telangana,Credit Card,Delivered
ORD100317,CUST1135,Neha Mehta,17-05-2027,Hoodie,Fashion,3,1799,20,1439.2,4317.6,2700,1617.6,Delhi,Delhi,UPI,Delivered
ORD101532,CUST1135,Neha Mehta,18-05-2027,Laptop Backpack,Accessories,2,1799,5,1709.05,3418.1,1900,1518.1,Delhi,Delhi,Debit Card,Delivered
ORD100755,CUST1408,Kavya Chauhan,19-05-2027,Denim Jeans,Fashion,1,1999,15,1699.15,1699.15,1050,649.15,Faridabad,Haryana,Debit Card,Delivered
ORD100644,CUST1231,Pooja Verma,20-05-2027,Smart Watch,Electronics,2,3999,15,3399.15,6798.3,5000,1798.3,Bengaluru,Karnataka,Debit Card,Returned
ORD100535,CUST1204,Ankit Verma,21-05-2027,Water Bottle,Home & Kitchen,2,799,15,679.15,1358.3,700,658.3,Noida,Uttar Pradesh,Net Banking,Delivered
ORD100756,CUST1059,Aarav Verma,22-05-2027,Notebook Set,Stationery,4,499,15,424.15,1696.6,840,856.6,Indore,Madhya Pradesh,Net Banking,Delivered
ORD100262,CUST1427,Nisha Gupta,23-05-2027,Desk Lamp,Home & Kitchen,1,1299,20,1039.2,1039.2,650,389.2,Jaipur,Rajasthan,Credit Card,Delivered
ORD101085,CUST1327,Rohan Chauhan,24-05-2027,Casual Sneakers,Footwear,1,2499,15,2124.15,2124.15,1400,724.15,Gurugram,Haryana,Net Banking,Delivered
ORD100241,CUST1262,Arjun Chauhan,25-05-2027,Air Fryer,Home & Kitchen,1,5999,10,5399.1,5399.1,3800,1599.1,Hyderabad,Telangana,Debit Card,Delivered
ORD100671,CUST1115,Priya Verma,26-05-2027,Power Bank,Electronics,2,1599,15,1359.15,2718.3,1800,918.3,Hyderabad,Telangana,Debit Card,Returned
ORD100299,CUST1084,Rahul Verma,27-05-2027,Mechanical Keyboard,Electronics,3,3299,10,2969.1,8907.3,5850,3057.3,Kolkata,West Bengal,Credit Card,Delivered
ORD101111,CUST1294,Sneha Sharma,28-05-2027,Smart Watch,Electronics,1,3999,10,3599.1,3599.1,2500,1099.1,Jaipur,Rajasthan,Debit Card,Delivered
ORD100967,CUST1239,Riya Sharma,29-05-2027,Casual Sneakers,Footwear,1,2499,10,2249.1,2249.1,1400,849.1,Lucknow,Uttar Pradesh,Net Banking,Delivered
ORD100847,CUST1446,Vivaan Malhotra,30-05-2027,Office Chair,Furniture,3,7499,5,7124.05,21372.15,14400,6972.15,Indore,Madhya Pradesh,Net Banking,Delivered
ORD100433,CUST1159,Pooja Malhotra,31-05-2027,Study Table,Furniture,2,5999,10,5399.1,10798.2,7200,3598.2,Bengaluru,Karnataka,Credit Card,Delivered
ORD100072,CUST1403,Pooja Malhotra,01-06-2027,Office Chair,Furniture,2,7499,15,6374.15,12748.3,9600,3148.3,Jaipur,Rajasthan,Cash On Delivery,Delivered
ORD100382,CUST1172,Neha Mehta,02-06-2027,Wireless Mouse,Electronics,2,899,0,899,1798,1040,758,Faridabad,Haryana,UPI,Delivered
ORD100260,CUST1246,Isha Chauhan,03-06-2027,Running Shoes,Footwear,3,2999,20,2399.2,7197.6,5250,1947.6,Hyderabad,Telangana,Credit Card,Delivered
ORD100052,CUST1333,Ananya Jain,04-06-2027,Mechanical Keyboard,Electronics,1,3299,10,2969.1,2969.1,1950,1019.1,Indore,Madhya Pradesh,Net Banking,Delivered
ORD100375,CUST1400,Rahul Singh,05-06-2027,Casual Sneakers,Footwear,3,2499,5,2374.05,7122.15,4200,2922.15,Delhi,Delhi,Credit Card,Delivered
ORD100340,CUST1120,Rahul Jain,06-06-2027,Denim Jeans,Fashion,1,1999,10,1799.1,1799.1,1050,749.1,Gurugram,Haryana,Credit Card,Delivered
ORD100533,CUST1085,Rahul Sharma,07-06-2027,Casual Sneakers,Footwear,1,2499,20,1999.2,1999.2,1400,599.2,Chennai,Tamil Nadu,Credit Card,Delivered
ORD101222,CUST1126,Arjun Singh,08-06-2027,Casual Sneakers,Footwear,1,2499,15,2124.15,2124.15,1400,724.15,Delhi,Delhi,UPI,Delivered
ORD101315,CUST1316,Pooja Kumar,09-06-2027,Phone Case,Accessories,3,699,5,664.05,1992.15,840,1152.15,Gurugram,Haryana,Net Banking,Delivered
ORD101064,CUST1291,Vivaan Chauhan,10-06-2027,Smart Watch,Electronics,2,3999,25,2999.25,5998.5,5000,998.5,Bengaluru,Karnataka,Cash On Delivery,Delivered
ORD101738,CUST1333,Ananya Jain,11-06-2027,Mechanical Keyboard,Electronics,1,3299,15,2804.15,2804.15,1950,854.15,Indore,Madhya Pradesh,Debit Card,Delivered
ORD101743,CUST1337,Neha Sharma,12-06-2027,Hoodie,Fashion,3,1799,20,1439.2,4317.6,2700,1617.6,Delhi,Delhi,Credit Card,Delivered
ORD101056,CUST1409,Aarav Verma,13-06-2027,Running Shoes,Footwear,1,2999,10,2699.1,2699.1,1750,949.1,Bengaluru,Karnataka,UPI,Delivered
ORD101231,CUST1168,Mohit Chauhan,14-06-2027,Office Chair,Furniture,1,7499,20,5999.2,5999.2,4800,1199.2,Kolkata,West Bengal,Net Banking,Delivered
ORD100939,CUST1193,Aarav Verma,15-06-2027,Phone Case,Accessories,1,699,20,559.2,559.2,280,279.2,Ahmedabad,Gujarat,Cash On Delivery,Delivered
ORD101492,CUST1418,Simran Malhotra,16-06-2027,Study Table,Furniture,3,5999,20,4799.2,14397.6,10800,3597.6,Chennai,Tamil Nadu,Cash On Delivery,Delivered
ORD100426,CUST1152,Aarav Chauhan,17-06-2027,Phone Case,Accessories,1,699,0,699,699,280,419,Pune,Maharashtra,Debit Card,Delivered
ORD100463,CUST1336,Nisha Jain,18-06-2027,USB-C Hub,Electronics,1,1499,15,1274.15,1274.15,820,454.15,Pune,Maharashtra,UPI,Delivered
ORD100495,CUST1183,Aditya Mehta,19-06-2027,Study Table,Furniture,2,5999,20,4799.2,9598.4,7200,2398.4,Indore,Madhya Pradesh,Cash On Delivery,Delivered
ORD100844,CUST1146,Riya Gupta,20-06-2027,USB-C Hub,Electronics,1,1499,10,1349.1,1349.1,820,529.1,Noida,Uttar Pradesh,Credit Card,Delivered
ORD101540,CUST1150,Karan Sharma,21-06-2027,Cotton T-Shirt,Fashion,1,999,5,949.05,949.05,480,469.05,Gurugram,Haryana,Debit Card,Delivered
ORD100527,CUST1152,Aarav Chauhan,22-06-2027,Wireless Mouse,Electronics,1,899,0,899,899,520,379,Pune,Maharashtra,Debit Card,Delivered
ORD100142,CUST1061,Ankit Jain,23-06-2027,Cotton T-Shirt,Fashion,1,999,15,849.15,849.15,480,369.15,Noida,Uttar Pradesh,Cash On Delivery,Returned
ORD101477,CUST1005,Rohan Sharma,24-06-2027,Office Chair,Furniture,1,7499,10,6749.1,6749.1,4800,1949.1,Bengaluru,Karnataka,Net Banking,Cancelled
ORD100618,CUST1069,Neha Sharma,25-06-2027,Phone Case,Accessories,1,699,5,664.05,664.05,280,384.05,Chandigarh,Chandigarh,Credit Card,Delivered
ORD101682,CUST1358,Isha Malhotra,26-06-2027,Denim Jeans,Fashion,1,1999,5,1899.05,1899.05,1050,849.05,Chennai,Tamil Nadu,Credit Card,Delivered
ORD100858,CUST1101,Vikram Yadav,27-06-2027,Laptop Backpack,Accessories,1,1799,15,1529.15,1529.15,950,579.15,Ahmedabad,Gujarat,Credit Card,Delivered
ORD100434,CUST1086,Aditya Sharma,28-06-2027,Air Fryer,Home & Kitchen,1,5999,10,5399.1,5399.1,3800,1599.1,Kolkata,West Bengal,Credit Card,Delivered
ORD100999,CUST1447,Priya Yadav,29-06-2027,Water Bottle,Home & Kitchen,1,799,25,599.25,599.25,350,249.25,Ahmedabad,Gujarat,Net Banking,Cancelled
ORD100272,CUST1066,Ananya Mehta,30-06-2027,Wireless Mouse,Electronics,1,899,10,809.1,809.1,520,289.1,Chennai,Tamil Nadu,Debit Card,Delivered
ORD100185,CUST1002,Sneha Singh,01-07-2027,Water Bottle,Home & Kitchen,1,799,5,759.05,759.05,350,409.05,Delhi,Delhi,Cash On Delivery,Delivered
ORD100773,CUST1052,Riya Sharma,02-07-2027,Bluetooth Headphones,Electronics,2,2499,20,1999.2,3998.4,2900,1098.4,Mumbai,Maharashtra,UPI,Delivered
ORD100245,CUST1051,Riya Verma,03-07-2027,Laptop Backpack,Accessories,2,1799,10,1619.1,3238.2,1900,1338.2,Gurugram,Haryana,UPI,Delivered
ORD101464,CUST1084,Rahul Verma,04-07-2027,Office Chair,Furniture,3,7499,5,7124.05,21372.15,14400,6972.15,Kolkata,West Bengal,Cash On Delivery,Delivered
ORD101069,CUST1324,Mohit Mehta,05-07-2027,Bluetooth Headphones,Electronics,1,2499,20,1999.2,1999.2,1450,549.2,Kolkata,West Bengal,Net Banking,Returned
ORD101461,CUST1307,Kavya Kumar,06-07-2027,Desk Lamp,Home & Kitchen,2,1299,25,974.25,1948.5,1300,648.5,Hyderabad,Telangana,Cash On Delivery,Delivered
ORD101400,CUST1240,Sneha Verma,07-07-2027,Phone Case,Accessories,1,699,25,524.25,524.25,280,244.25,Chennai,Tamil Nadu,Debit Card,Delivered
ORD101488,CUST1251,Aditya Jain,08-07-2027,Mechanical Keyboard,Electronics,1,3299,25,2474.25,2474.25,1950,524.25,Pune,Maharashtra,Net Banking,Delivered
ORD101482,CUST1272,Arjun Verma,09-07-2027,USB-C Hub,Electronics,1,1499,0,1499,1499,820,679,Kolkata,West Bengal,Debit Card,Delivered
ORD100908,CUST1405,Vikram Yadav,10-07-2027,Denim Jeans,Fashion,1,1999,25,1499.25,1499.25,1050,449.25,Kolkata,West Bengal,Cash On Delivery,Delivered
ORD100603,CUST1343,Arjun Chauhan,11-07-2027,Bluetooth Headphones,Electronics,1,2499,25,1874.25,1874.25,1450,424.25,Indore,Madhya Pradesh,Net Banking,Delivered
ORD101767,CUST1388,Riya Yadav,12-07-2027,Study Table,Furniture,1,5999,5,5699.05,5699.05,3600,2099.05,Faridabad,Haryana,Net Banking,Delivered
ORD101309,CUST1391,Simran Jain,13-07-2027,Bluetooth Headphones,Electronics,2,2499,20,1999.2,3998.4,2900,1098.4,Faridabad,Haryana,Credit Card,Delivered
ORD100251,CUST1331,Arjun Malhotra,14-07-2027,Wireless Mouse,Electronics,1,899,20,719.2,719.2,520,199.2,Ahmedabad,Gujarat,UPI,Delivered
ORD100498,CUST1350,Vivaan Sharma,15-07-2027,Phone Case,Accessories,3,699,5,664.05,1992.15,840,1152.15,Indore,Madhya Pradesh,Net Banking,Delivered
ORD101178,CUST1058,Priya Mehta,16-07-2027,Denim Jeans,Fashion,1,1999,5,1899.05,1899.05,1050,849.05,Kolkata,West Bengal,Cash On Delivery,Delivered
ORD101291,CUST1439,Priya Malhotra,17-07-2027,Phone Case,Accessories,1,699,10,629.1,629.1,280,349.1,Lucknow,Uttar Pradesh,Cash On Delivery,Delivered
ORD101377,CUST1395,Priya Sharma,18-07-2027,Power Bank,Electronics,1,1599,10,1439.1,1439.1,900,539.1,Indore,Madhya Pradesh,Cash On Delivery,Cancelled
ORD100355,CUST1378,Ananya Singh,19-07-2027,Office Chair,Furniture,1,7499,10,6749.1,6749.1,4800,1949.1,Lucknow,Uttar Pradesh,Debit Card,Delivered
ORD101054,CUST1103,Mohit Gupta,20-07-2027,Water Bottle,Home & Kitchen,1,799,5,759.05,759.05,350,409.05,Chennai,Tamil Nadu,Cash On Delivery,Delivered
ORD100619,CUST1192,Isha Gupta,21-07-2027,Air Fryer,Home & Kitchen,1,5999,10,5399.1,5399.1,3800,1599.1,Bengaluru,Karnataka,Net Banking,Delivered
ORD100629,CUST1140,Vivaan Sharma,22-07-2027,Casual Sneakers,Footwear,1,2499,10,2249.1,2249.1,1400,849.1,Ahmedabad,Gujarat,Net Banking,Cancelled
ORD101027,CUST1153,Priya Verma,23-07-2027,Coffee Maker,Home & Kitchen,2,3499,20,2799.2,5598.4,4200,1398.4,Hyderabad,Telangana,UPI,Delivered
ORD101304,CUST1158,Rohan Jain,24-07-2027,Hoodie,Fashion,1,1799,15,1529.15,1529.15,900,629.15,Lucknow,Uttar Pradesh,Debit Card,Delivered
ORD100416,CUST1426,Nisha Chauhan,25-07-2027,USB-C Hub,Electronics,2,1499,20,1199.2,2398.4,1640,758.4,Noida,Uttar Pradesh,UPI,Cancelled
ORD100998,CUST1334,Priya Chauhan,26-07-2027,Cotton T-Shirt,Fashion,1,999,15,849.15,849.15,480,369.15,Lucknow,Uttar Pradesh,UPI,Delivered
ORD100171,CUST1377,Vivaan Yadav,27-07-2027,Laptop Backpack,Accessories,1,1799,15,1529.15,1529.15,950,579.15,Kolkata,West Bengal,UPI,Delivered
ORD101567,CUST1154,Rahul Mehta,28-07-2027,Mechanical Keyboard,Electronics,1,3299,10,2969.1,2969.1,1950,1019.1,Indore,Madhya Pradesh,Cash On Delivery,Cancelled
ORD100414,CUST1446,Vivaan Malhotra,29-07-2027,Bluetooth Headphones,Electronics,2,2499,5,2374.05,4748.1,2900,1848.1,Indore,Madhya Pradesh,Net Banking,Delivered
ORD101422,CUST1035,Vivaan Singh,30-07-2027,Air Fryer,Home & Kitchen,1,5999,15,5099.15,5099.15,3800,1299.15,Bengaluru,Karnataka,Credit Card,Delivered
ORD100301,CUST1274,Ankit Mehta,31-07-2027,Office Chair,Furniture,1,7499,20,5999.2,5999.2,4800,1199.2,Noida,Uttar Pradesh,Credit Card,Returned
ORD101782,CUST1104,Kavya Yadav,01-08-2027,Coffee Maker,Home & Kitchen,1,3499,10,3149.1,3149.1,2100,1049.1,Chandigarh,Chandigarh,Cash On Delivery,Delivered
ORD100412,CUST1405,Vikram Yadav,02-08-2027,Wireless Mouse,Electronics,1,899,15,764.15,764.15,520,244.15,Kolkata,West Bengal,Credit Card,Delivered
ORD100766,CUST1201,Nisha Malhotra,03-08-2027,Wireless Mouse,Electronics,1,899,15,764.15,764.15,520,244.15,Hyderabad,Telangana,Debit Card,Delivered
ORD101466,CUST1449,Priya Sharma,04-08-2027,Office Chair,Furniture,3,7499,10,6749.1,20247.3,14400,5847.3,Lucknow,Uttar Pradesh,UPI,Delivered
ORD101735,CUST1007,Pooja Malhotra,05-08-2027,Office Chair,Furniture,1,7499,20,5999.2,5999.2,4800,1199.2,Bengaluru,Karnataka,Net Banking,Delivered
ORD101270,CUST1230,Riya Verma,06-08-2027,Phone Case,Accessories,4,699,10,629.1,2516.4,1120,1396.4,Kolkata,West Bengal,Debit Card,Delivered
ORD101275,CUST1442,Ankit Verma,07-08-2027,Phone Case,Accessories,1,699,10,629.1,629.1,280,349.1,Noida,Uttar Pradesh,Debit Card,Delivered
ORD100833,CUST1305,Nisha Chauhan,08-08-2027,Notebook Set,Stationery,1,499,0,499,499,210,289,Kolkata,West Bengal,UPI,Delivered
ORD100837,CUST1059,Aarav Verma,09-08-2027,Power Bank,Electronics,1,1599,15,1359.15,1359.15,900,459.15,Indore,Madhya Pradesh,UPI,Delivered
ORD101104,CUST1022,Pooja Kumar,10-08-2027,Notebook Set,Stationery,1,499,5,474.05,474.05,210,264.05,Chennai,Tamil Nadu,Debit Card,Delivered
ORD100860,CUST1259,Simran Sharma,11-08-2027,Study Table,Furniture,1,5999,10,5399.1,5399.1,3600,1799.1,Pune,Maharashtra,Cash On Delivery,Delivered
ORD100568,CUST1234,Arjun Mehta,12-08-2027,Phone Case,Accessories,2,699,30,489.3,978.6,560,418.6,Lucknow,Uttar Pradesh,Cash On Delivery,Returned
ORD100176,CUST1165,Aditya Mehta,13-08-2027,Smart Watch,Electronics,1,3999,10,3599.1,3599.1,2500,1099.1,Lucknow,Uttar Pradesh,Credit Card,Delivered
ORD101462,CUST1309,Rohan Gupta,14-08-2027,Casual Sneakers,Footwear,3,2499,25,1874.25,5622.75,4200,1422.75,Mumbai,Maharashtra,Cash On Delivery,Delivered
ORD100678,CUST1219,Ananya Yadav,15-08-2027,Phone Case,Accessories,2,699,5,664.05,1328.1,560,768.1,Jaipur,Rajasthan,Debit Card,Delivered
ORD101395,CUST1038,Sneha Singh,16-08-2027,Mechanical Keyboard,Electronics,1,3299,10,2969.1,2969.1,1950,1019.1,Noida,Uttar Pradesh,Credit Card,Delivered
ORD100335,CUST1001,Vivaan Malhotra,17-08-2027,Bluetooth Headphones,Electronics,2,2499,20,1999.2,3998.4,2900,1098.4,Delhi,Delhi,UPI,Delivered
ORD100760,CUST1043,Neha Malhotra,18-08-2027,Power Bank,Electronics,1,1599,15,1359.15,1359.15,900,459.15,Chandigarh,Chandigarh,UPI,Delivered
ORD100638,CUST1008,Pooja Malhotra,19-08-2027,Denim Jeans,Fashion,1,1999,15,1699.15,1699.15,1050,649.15,Noida,Uttar Pradesh,Credit Card,Returned
ORD100894,CUST1321,Sneha Yadav,20-08-2027,Study Table,Furniture,1,5999,10,5399.1,5399.1,3600,1799.1,Kolkata,West Bengal,Cash On Delivery,Delivered
ORD101206,CUST1412,Aditya Jain,21-08-2027,USB-C Hub,Electronics,2,1499,30,1049.3,2098.6,1640,458.6,Pune,Maharashtra,UPI,Delivered
ORD100199,CUST1277,Riya Kumar,22-08-2027,Desk Lamp,Home & Kitchen,2,1299,10,1169.1,2338.2,1300,1038.2,Mumbai,Maharashtra,UPI,Cancelled
ORD100016,CUST1239,Riya Sharma,23-08-2027,Mechanical Keyboard,Electronics,1,3299,10,2969.1,2969.1,1950,1019.1,Lucknow,Uttar Pradesh,Debit Card,Delivered
ORD100266,CUST1143,Ankit Yadav,24-08-2027,Notebook Set,Stationery,1,499,25,374.25,374.25,210,164.25,Bengaluru,Karnataka,Net Banking,Delivered
ORD100558,CUST1116,Mohit Chauhan,25-08-2027,Denim Jeans,Fashion,2,1999,0,1999,3998,2100,1898,Ahmedabad,Gujarat,Credit Card,Delivered
ORD101034,CUST1123,Neha Sharma,26-08-2027,Casual Sneakers,Footwear,1,2499,10,2249.1,2249.1,1400,849.1,Chandigarh,Chandigarh,Debit Card,Delivered
ORD100817,CUST1096,Sneha Jain,27-08-2027,Hoodie,Fashion,1,1799,30,1259.3,1259.3,900,359.3,Kolkata,West Bengal,UPI,Returned
ORD101508,CUST1320,Kavya Yadav,28-08-2027,Cotton T-Shirt,Fashion,4,999,15,849.15,3396.6,1920,1476.6,Bengaluru,Karnataka,Net Banking,Delivered
ORD100742,CUST1432,Aditya Malhotra,29-08-2027,Hoodie,Fashion,1,1799,10,1619.1,1619.1,900,719.1,Jaipur,Rajasthan,Debit Card,Cancelled
ORD101393,CUST1320,Kavya Yadav,30-08-2027,Wireless Mouse,Electronics,1,899,25,674.25,674.25,520,154.25,Bengaluru,Karnataka,Debit Card,Delivered
ORD100479,CUST1032,Vikram Yadav,31-08-2027,Cotton T-Shirt,Fashion,1,999,5,949.05,949.05,480,469.05,Jaipur,Rajasthan,Net Banking,Delivered
ORD101006,CUST1156,Sneha Jain,01-09-2027,Notebook Set,Stationery,1,499,0,499,499,210,289,Indore,Madhya Pradesh,Net Banking,Delivered
ORD100417,CUST1183,Aditya Mehta,02-09-2027,Air Fryer,Home & Kitchen,2,5999,15,5099.15,10198.3,7600,2598.3,Indore,Madhya Pradesh,Net Banking,Delivered
ORD100200,CUST1244,Rahul Mehta,03-09-2027,Running Shoes,Footwear,1,2999,20,2399.2,2399.2,1750,649.2,Ahmedabad,Gujarat,UPI,Delivered
ORD100728,CUST1012,Arjun Yadav,04-09-2027,Hoodie,Electronics,2,1799,10,1619.1,3238.2,1800,1438.2,Noida,Uttar Pradesh,Cash On Delivery,Delivered
ORD100994,CUST1076,Simran Gupta,05-09-2027,Casual Sneakers,Footwear,2,2499,20,1999.2,3998.4,2800,1198.4,Faridabad,Haryana,Credit Card,Delivered
ORD101723,CUST1086,Aditya Sharma,06-09-2027,Smart Watch,Electronics,3,3999,15,3399.15,10197.45,7500,2697.45,Kolkata,West Bengal,Debit Card,Delivered
ORD101152,CUST1417,Mohit Verma,07-09-2027,Cotton T-Shirt,Fashion,1,999,5,949.05,949.05,480,469.05,Jaipur,Rajasthan,Cash On Delivery,Delivered
ORD101493,CUST1030,Pooja Jain,08-09-2027,Cotton T-Shirt,Fashion,1,999,0,999,999,480,519,Chennai,Tamil Nadu,Net Banking,Delivered
ORD101450,CUST1258,Nisha Verma,09-09-2027,Water Bottle,Home & Kitchen,1,799,20,639.2,639.2,350,289.2,Ahmedabad,Gujarat,Debit Card,Cancelled
ORD101173,CUST1229,Aditya Jain,10-09-2027,Laptop Backpack,Accessories,1,1799,15,1529.15,1529.15,950,579.15,Chennai,Tamil Nadu,Debit Card,Delivered
ORD101118,CUST1043,Neha Malhotra,11-09-2027,Desk Lamp,Home & Kitchen,1,1299,0,1299,1299,650,649,Chandigarh,Chandigarh,Net Banking,Delivered
ORD101569,CUST1005,Rohan Sharma,12-09-2027,Office Chair,Furniture,3,7499,5,7124.05,21372.15,14400,6972.15,Bengaluru,Karnataka,Debit Card,Delivered
ORD100600,CUST1398,Ankit Gupta,13-09-2027,Casual Sneakers,Footwear,1,2499,10,2249.1,2249.1,1400,849.1,Jaipur,Rajasthan,Credit Card,Delivered
ORD101386,CUST1017,Vivaan Mehta,14-09-2027,Phone Case,Accessories,4,699,15,594.15,2376.6,1120,1256.6,Chennai,Tamil Nadu,Debit Card,Cancelled
ORD100931,CUST1240,Sneha Verma,15-09-2027,Smart Watch,Electronics,1,3999,25,2999.25,2999.25,2500,499.25,Chennai,Tamil Nadu,Debit Card,Delivered
ORD100311,CUST1387,Aarav Malhotra,16-09-2027,Mechanical Keyboard,Electronics,2,3299,0,3299,6598,3900,2698,Chandigarh,Chandigarh,UPI,Delivered
ORD100057,CUST1034,Isha Kumar,17-09-2027,Desk Lamp,Home & Kitchen,2,1299,15,1104.15,2208.3,1300,908.3,Kolkata,West Bengal,Debit Card,Delivered
ORD100549,CUST1278,Nisha Mehta,18-09-2027,USB-C Hub,Electronics,2,1499,20,1199.2,2398.4,1640,758.4,Noida,Uttar Pradesh,UPI,Cancelled
ORD100423,CUST1343,Arjun Chauhan,19-09-2027,Water Bottle,Home & Kitchen,2,799,15,679.15,1358.3,700,658.3,Indore,Madhya Pradesh,Cash On Delivery,Delivered
ORD100597,CUST1393,Mohit Mehta,20-09-2027,Bluetooth Headphones,Electronics,1,2499,10,2249.1,2249.1,1450,799.1,Bengaluru,Karnataka,Cash On Delivery,Delivered
ORD100044,CUST1022,Pooja Kumar,21-09-2027,Running Shoes,Footwear,3,2999,10,2699.1,8097.3,5250,2847.3,Chennai,Tamil Nadu,UPI,Delivered
ORD100101,CUST1243,Mohit Gupta,22-09-2027,Air Fryer,Home & Kitchen,1,5999,10,5399.1,5399.1,3800,1599.1,Chandigarh,Chandigarh,Credit Card,Delivered
ORD100275,CUST1332,Aarav Gupta,23-09-2027,Wireless Mouse,Electronics,1,899,15,764.15,764.15,520,244.15,Lucknow,Uttar Pradesh,UPI,Delivered
ORD101259,CUST1420,Aarav Yadav,24-09-2027,Office Chair,Furniture,1,7499,5,7124.05,7124.05,4800,2324.05,Pune,Maharashtra,Credit Card,Delivered
ORD100354,CUST1172,Neha Mehta,25-09-2027,Phone Case,Accessories,1,699,5,664.05,664.05,280,384.05,Faridabad,Haryana,Debit Card,Delivered
ORD100102,CUST1292,Aditya Sharma,26-09-2027,Air Fryer,Home & Kitchen,1,5999,5,5699.05,5699.05,3800,1899.05,Mumbai,Maharashtra,UPI,Delivered
ORD100975,CUST1261,Vikram Verma,27-09-2027,Mechanical Keyboard,Electronics,4,3299,15,2804.15,11216.6,7800,3416.6,Chennai,Tamil Nadu,Net Banking,Delivered
ORD100108,CUST1117,Aarav Malhotra,28-09-2027,Air Fryer,Home & Kitchen,2,5999,15,5099.15,10198.3,7600,2598.3,Pune,Maharashtra,Credit Card,Delivered
ORD101731,CUST1337,Neha Sharma,29-09-2027,Hoodie,Fashion,1,1799,0,1799,1799,900,899,Delhi,Delhi,UPI,Delivered
ORD101781,CUST1041,Isha Singh,30-09-2027,Office Chair,Furniture,1,7499,15,6374.15,6374.15,4800,1574.15,Jaipur,Rajasthan,UPI,Delivered
ORD100839,CUST1410,Sneha Yadav,01-10-2027,Smart Watch,Electronics,1,3999,10,3599.1,3599.1,2500,1099.1,Ahmedabad,Gujarat,Debit Card,Delivered
ORD101245,CUST1047,Riya Kumar,02-10-2027,Smart Watch,Electronics,3,3999,0,3999,11997,7500,4497,Indore,Madhya Pradesh,Net Banking,Returned
ORD100694,CUST1286,Isha Singh,03-10-2027,Casual Sneakers,Footwear,1,2499,0,2499,2499,1400,1099,Mumbai,Maharashtra,Credit Card,Delivered
ORD100586,CUST1307,Kavya Kumar,04-10-2027,Mechanical Keyboard,Electronics,1,3299,15,2804.15,2804.15,1950,854.15,Hyderabad,Telangana,Credit Card,Returned
ORD101629,CUST1159,Pooja Malhotra,05-10-2027,Running Shoes,Footwear,2,2999,20,2399.2,4798.4,3500,1298.4,Bengaluru,Karnataka,Net Banking,Cancelled
ORD100979,CUST1341,Pooja Verma,06-10-2027,USB-C Hub,Electronics,2,1499,5,1424.05,2848.1,1640,1208.1,Hyderabad,Telangana,UPI,Cancelled
ORD101170,CUST1030,Pooja Jain,07-10-2027,Phone Case,Accessories,1,699,0,699,699,280,419,Chennai,Tamil Nadu,Credit Card,Delivered
ORD100129,CUST1422,Isha Sharma,08-10-2027,Water Bottle,Home & Kitchen,1,799,0,799,799,350,449,Mumbai,Maharashtra,Net Banking,Cancelled
ORD101271,CUST1096,Sneha Jain,09-10-2027,Hoodie,Fashion,1,1799,10,1619.1,1619.1,900,719.1,Kolkata,West Bengal,Net Banking,Cancelled
ORD100454,CUST1071,Nisha Gupta,10-10-2027,Phone Case,Accessories,1,699,20,559.2,559.2,280,279.2,Mumbai,Maharashtra,UPI,Delivered
ORD100428,CUST1010,Riya Singh,11-10-2027,Wireless Mouse,Electronics,3,899,15,764.15,2292.45,1560,732.45,Gurugram,Haryana,UPI,Delivered
ORD101684,CUST1417,Mohit Verma,12-10-2027,Water Bottle,Home & Kitchen,1,799,5,759.05,759.05,350,409.05,Jaipur,Rajasthan,Credit Card,Delivered
ORD101059,CUST1101,Vikram Yadav,13-10-2027,USB-C Hub,Electronics,2,1499,10,1349.1,2698.2,1640,1058.2,Ahmedabad,Gujarat,Net Banking,Delivered
ORD100866,CUST1153,Priya Verma,14-10-2027,USB-C Hub,Electronics,2,1499,20,1199.2,2398.4,1640,758.4,Hyderabad,Telangana,UPI,Delivered
ORD101387,CUST1008,Pooja Malhotra,15-10-2027,Phone Case,Accessories,2,699,0,699,1398,560,838,Noida,Uttar Pradesh,Credit Card,Cancelled
ORD100941,CUST1235,Arjun Yadav,16-10-2027,Water Bottle,Home & Kitchen,1,799,20,639.2,639.2,350,289.2,Kolkata,West Bengal,Credit Card,Delivered
ORD101232,CUST1338,Neha Malhotra,17-10-2027,Denim Jeans,Fashion,1,1999,10,1799.1,1799.1,1050,749.1,Gurugram,Haryana,Cash On Delivery,Delivered
ORD101121,CUST1178,Nisha Yadav,18-10-2027,Coffee Maker,Home & Kitchen,1,3499,15,2974.15,2974.15,2100,874.15,Noida,Uttar Pradesh,Net Banking,Delivered
ORD100610,CUST1075,Riya Sharma,19-10-2027,Study Table,Furniture,1,5999,20,4799.2,4799.2,3600,1199.2,Noida,Uttar Pradesh,Debit Card,Delivered
ORD101404,CUST1021,Arjun Malhotra,20-10-2027,Wireless Mouse,Electronics,1,899,10,809.1,809.1,520,289.1,Chandigarh,Chandigarh,Credit Card,Delivered
ORD101382,CUST1064,Vivaan Malhotra,21-10-2027,Mechanical Keyboard,Electronics,2,3299,5,3134.05,6268.1,3900,2368.1,Faridabad,Haryana,Net Banking,Delivered
ORD101058,CUST1388,Riya Yadav,22-10-2027,Wireless Mouse,Electronics,1,899,15,764.15,764.15,520,244.15,Faridabad,Haryana,Credit Card,Delivered
ORD100708,CUST1344,Ankit Mehta,23-10-2027,Water Bottle,Home & Kitchen,1,799,10,719.1,719.1,350,369.1,Hyderabad,Telangana,UPI,Delivered
ORD100917,CUST1265,Isha Yadav,24-10-2027,Desk Lamp,Home & Kitchen,1,1299,10,1169.1,1169.1,650,519.1,Hyderabad,Telangana,Debit Card,Delivered
ORD100995,CUST1370,Pooja Chauhan,25-10-2027,USB-C Hub,Electronics,1,1499,5,1424.05,1424.05,820,604.05,Delhi,Delhi,Debit Card,Delivered
ORD100406,CUST1384,Neha Singh,26-10-2027,Water Bottle,Home & Kitchen,1,799,10,719.1,719.1,350,369.1,Ahmedabad,Gujarat,Cash On Delivery,Delivered
ORD101392,CUST1224,Rahul Yadav,27-10-2027,Hoodie,Fashion,2,1799,20,1439.2,2878.4,1800,1078.4,Faridabad,Haryana,Debit Card,Delivered
ORD101491,CUST1019,Simran Chauhan,28-10-2027,Casual Sneakers,Footwear,1,2499,15,2124.15,2124.15,1400,724.15,Faridabad,Haryana,Net Banking,Delivered
ORD101795,CUST1346,Nisha Malhotra,29-10-2027,Denim Jeans,Fashion,1,1999,15,1699.15,1699.15,1050,649.15,Indore,Madhya Pradesh,Credit Card,Delivered
ORD100576,CUST1207,Karan Verma,30-10-2027,Desk Lamp,Home & Kitchen,1,1299,10,1169.1,1169.1,650,519.1,Faridabad,Haryana,Debit Card,Delivered
ORD100480,CUST1143,Ankit Yadav,31-10-2027,Wireless Mouse,Electronics,3,899,20,719.2,2157.6,1560,597.6,Bengaluru,Karnataka,Net Banking,Cancelled
ORD100465,CUST1023,Vivaan Yadav,01-11-2027,Denim Jeans,Fashion,2,1999,5,1899.05,3798.1,2100,1698.1,Bengaluru,Karnataka,Cash On Delivery,Delivered
ORD100227,CUST1252,Nisha Chauhan,02-11-2027,Water Bottle,Home & Kitchen,1,799,10,719.1,719.1,350,369.1,Hyderabad,Telangana,Debit Card,Delivered
ORD100232,CUST1251,Aditya Jain,03-11-2027,Denim Jeans,Fashion,3,1999,10,1799.1,5397.3,3150,2247.3,Pune,Maharashtra,UPI,Delivered
ORD100744,CUST1243,Mohit Gupta,04-11-2027,USB-C Hub,Electronics,2,1499,15,1274.15,2548.3,1640,908.3,Chandigarh,Chandigarh,Net Banking,Delivered
ORD101572,CUST1270,Priya Sharma,05-11-2027,Study Table,Furniture,1,5999,5,5699.05,5699.05,3600,2099.05,Chandigarh,Chandigarh,Cash On Delivery,Delivered
ORD100585,CUST1215,Aarav Malhotra,06-11-2027,Phone Case,Accessories,2,699,20,559.2,1118.4,560,558.4,Noida,Uttar Pradesh,Cash On Delivery,Delivered
ORD100164,CUST1323,Kavya Kumar,07-11-2027,Bluetooth Headphones,Electronics,2,2499,15,2124.15,4248.3,2900,1348.3,Indore,Madhya Pradesh,Net Banking,Delivered
ORD100680,CUST1347,Isha Yadav,08-11-2027,Casual Sneakers,Footwear,2,2499,10,2249.1,4498.2,2800,1698.2,Ahmedabad,Gujarat,UPI,Delivered
ORD100800,CUST1309,Rohan Gupta,09-11-2027,Laptop Backpack,Accessories,1,1799,0,1799,1799,950,849,Mumbai,Maharashtra,Credit Card,Delivered
ORD100267,CUST1159,Pooja Malhotra,10-11-2027,Desk Lamp,Home & Kitchen,1,1299,5,1234.05,1234.05,650,584.05,Bengaluru,Karnataka,UPI,Delivered
ORD100149,CUST1416,Rohan Gupta,11-11-2027,Air Fryer,Home & Kitchen,1,5999,15,5099.15,5099.15,3800,1299.15,Mumbai,Maharashtra,Cash On Delivery,Returned
ORD101378,CUST1397,Pooja Chauhan,12-11-2027,Power Bank,Electronics,1,1599,5,1519.05,1519.05,900,619.05,Faridabad,Haryana,Debit Card,Delivered
ORD100985,CUST1109,Vivaan Sharma,13-11-2027,Study Table,Furniture,3,5999,10,5399.1,16197.3,10800,5397.3,Lucknow,Uttar Pradesh,Debit Card,Delivered
ORD100589,CUST1259,Simran Sharma,14-11-2027,Water Bottle,Home & Kitchen,1,799,5,759.05,759.05,350,409.05,Pune,Maharashtra,Credit Card,Returned
ORD101582,CUST1205,Isha Sharma,15-11-2027,Office Chair,Furniture,1,7499,15,6374.15,6374.15,4800,1574.15,Mumbai,Maharashtra,UPI,Cancelled
ORD101419,CUST1132,Karan Yadav,16-11-2027,Wireless Mouse,Electronics,2,899,10,809.1,1618.2,1040,578.2,Noida,Uttar Pradesh,Cash On Delivery,Delivered
ORD100307,CUST1055,Mohit Malhotra,17-11-2027,Office Chair,Furniture,2,7499,10,6749.1,13498.2,9600,3898.2,Lucknow,Uttar Pradesh,UPI,Delivered
ORD100193,CUST1075,Riya Sharma,18-11-2027,Cotton T-Shirt,Fashion,1,999,25,749.25,749.25,480,269.25,Noida,Uttar Pradesh,Credit Card,Delivered
ORD100953,CUST1120,Rahul Jain,19-11-2027,Bluetooth Headphones,Electronics,2,2499,5,2374.05,4748.1,2900,1848.1,Gurugram,Haryana,Cash On Delivery,Delivered
ORD100310,CUST1147,Nisha Kumar,20-11-2027,Casual Sneakers,Footwear,1,2499,10,2249.1,2249.1,1400,849.1,Faridabad,Haryana,UPI,Cancelled
ORD101799,CUST1386,Sneha Yadav,21-11-2027,Coffee Maker,Home & Kitchen,3,3499,30,2449.3,7347.9,6300,1047.9,Delhi,Delhi,Cash On Delivery,Cancelled
ORD100064,CUST1296,Riya Yadav,22-11-2027,Study Table,Furniture,2,5999,20,4799.2,9598.4,7200,2398.4,Kolkata,West Bengal,Credit Card,Returned
ORD101649,CUST1437,Aditya Verma,23-11-2027,Mechanical Keyboard,Electronics,1,3299,5,3134.05,3134.05,1950,1184.05,Kolkata,West Bengal,Cash On Delivery,Delivered
ORD101791,CUST1067,Vivaan Mehta,24-11-2027,Coffee Maker,Home & Kitchen,1,3499,10,3149.1,3149.1,2100,1049.1,Kolkata,West Bengal,Cash On Delivery,Delivered
ORD101365,CUST1303,Riya Mehta,25-11-2027,Coffee Maker,Home & Kitchen,1,3499,15,2974.15,2974.15,2100,874.15,Indore,Madhya Pradesh,Net Banking,Delivered
ORD100487,CUST1027,Vikram Singh,26-11-2027,Water Bottle,Home & Kitchen,1,799,15,679.15,679.15,350,329.15,Chennai,Tamil Nadu,UPI,Returned
ORD100753,CUST1003,Ankit Chauhan,27-11-2027,Office Chair,Furniture,2,7499,10,6749.1,13498.2,9600,3898.2,Faridabad,Haryana,Credit Card,Delivered
ORD101019,CUST1308,Sneha Jain,28-11-2027,Cotton T-Shirt,Fashion,1,999,15,849.15,849.15,480,369.15,Jaipur,Rajasthan,Credit Card,Delivered
ORD101138,CUST1255,Karan Gupta,29-11-2027,Running Shoes,Footwear,2,2999,15,2549.15,5098.3,3500,1598.3,Mumbai,Maharashtra,UPI,Cancelled
ORD101344,CUST1411,Aarav Jain,30-11-2027,Mechanical Keyboard,Electronics,1,3299,5,3134.05,3134.05,1950,1184.05,Hyderabad,Telangana,Net Banking,Cancelled
ORD101211,CUST1014,Ankit Chauhan,01-12-2027,Casual Sneakers,Footwear,1,2499,10,2249.1,2249.1,1400,849.1,Indore,Madhya Pradesh,Net Banking,Delivered
ORD101517,CUST1339,Ananya Sharma,02-12-2027,USB-C Hub,Electronics,2,1499,10,1349.1,2698.2,1640,1058.2,Mumbai,Maharashtra,Net Banking,Delivered
ORD101313,CUST1264,Isha Verma,03-12-2027,Air Fryer,Home & Kitchen,1,5999,15,5099.15,5099.15,3800,1299.15,Hyderabad,Telangana,Debit Card,Cancelled
ORD101053,CUST1103,Mohit Gupta,04-12-2027,Office Chair,Furniture,1,7499,10,6749.1,6749.1,4800,1949.1,Chennai,Tamil Nadu,Net Banking,Cancelled
ORD101588,CUST1113,Pooja Kumar,05-12-2027,Laptop Backpack,Accessories,2,1799,15,1529.15,3058.3,1900,1158.3,Faridabad,Haryana,UPI,Delivered
ORD100809,CUST1029,Priya Verma,06-12-2027,Laptop Backpack,Accessories,1,1799,15,1529.15,1529.15,950,579.15,Bengaluru,Karnataka,Debit Card,Delivered
ORD100219,CUST1172,Neha Mehta,07-12-2027,Bluetooth Headphones,Electronics,4,2499,0,2499,9996,5800,4196,Faridabad,Haryana,UPI,Delivered
ORD101658,CUST1186,Rahul Jain,08-12-2027,USB-C Hub,Electronics,1,1499,15,1274.15,1274.15,820,454.15,Ahmedabad,Gujarat,Debit Card,Delivered
ORD100287,CUST1068,Kavya Kumar,09-12-2027,Coffee Maker,Home & Kitchen,2,3499,30,2449.3,4898.6,4200,698.6,Mumbai,Maharashtra,Credit Card,Delivered
ORD101362,CUST1238,Neha Malhotra,10-12-2027,Hoodie,Fashion,3,1799,15,1529.15,4587.45,2700,1887.45,Pune,Maharashtra,Net Banking,Delivered
ORD101447,CUST1160,Isha Malhotra,11-12-2027,Laptop Backpack,Accessories,1,1799,20,1439.2,1439.2,950,489.2,Mumbai,Maharashtra,Debit Card,Delivered
ORD101289,CUST1269,Mohit Verma,12-12-2027,Desk Lamp,Home & Kitchen,1,1299,15,1104.15,1104.15,650,454.15,Indore,Madhya Pradesh,Credit Card,Delivered
ORD101537,CUST1289,Isha Mehta,13-12-2027,Air Fryer,Home & Kitchen,2,5999,5,5699.05,11398.1,7600,3798.1,Chennai,Tamil Nadu,Cash On Delivery,Delivered
ORD100362,CUST1172,Neha Mehta,14-12-2027,Hoodie,Fashion,1,1799,5,1709.05,1709.05,900,809.05,Faridabad,Haryana,Credit Card,Delivered
ORD101336,CUST1037,Mohit Verma,15-12-2027,Wireless Mouse,Electronics,1,899,25,674.25,674.25,520,154.25,Noida,Uttar Pradesh,Debit Card,Delivered
ORD100577,CUST1018,Simran Sharma,16-12-2027,Air Fryer,Home & Kitchen,1,5999,25,4499.25,4499.25,3800,699.25,Lucknow,Uttar Pradesh,Net Banking,Delivered
ORD101314,CUST1429,Rohan Sharma,17-12-2027,Office Chair,Furniture,1,7499,15,6374.15,6374.15,4800,1574.15,Jaipur,Rajasthan,Cash On Delivery,Delivered
ORD101186,CUST1248,Karan Singh,18-12-2027,Wireless Mouse,Electronics,1,899,10,809.1,809.1,520,289.1,Lucknow,Uttar Pradesh,UPI,Delivered
ORD100486,CUST1423,Aarav Sharma,19-12-2027,Phone Case,Accessories,1,699,25,524.25,524.25,280,244.25,Chennai,Tamil Nadu,Net Banking,Delivered
ORD101478,CUST1045,Kavya Chauhan,20-12-2027,Study Table,Furniture,1,5999,15,5099.15,5099.15,3600,1499.15,Gurugram,Haryana,Net Banking,Returned
ORD100553,CUST1068,Kavya Kumar,21-12-2027,Office Chair,Furniture,1,7499,10,6749.1,6749.1,4800,1949.1,Mumbai,Maharashtra,UPI,Delivered
ORD101433,CUST1198,Pooja Chauhan,22-12-2027,Running Shoes,Footwear,1,2999,20,2399.2,2399.2,1750,649.2,Lucknow,Uttar Pradesh,Net Banking,Delivered
ORD100875,CUST1068,Kavya Kumar,23-12-2027,Phone Case,Accessories,1,699,20,559.2,559.2,280,279.2,Mumbai,Maharashtra,UPI,Returned
ORD100905,CUST1050,Neha Verma,24-12-2027,Phone Case,Accessories,1,699,10,629.1,629.1,280,349.1,Mumbai,Maharashtra,Net Banking,Delivered
ORD101114,CUST1435,Ankit Sharma,25-12-2027,Study Table,Furniture,1,5999,0,5999,5999,3600,2399,Chennai,Tamil Nadu,Net Banking,Delivered
ORD100842,CUST1270,Priya Sharma,26-12-2027,Smart Watch,Electronics,1,3999,15,3399.15,3399.15,2500,899.15,Chandigarh,Chandigarh,Credit Card,Cancelled
ORD101640,CUST1344,Ankit Mehta,27-12-2027,Hoodie,Fashion,3,1799,0,1799,5397,2700,2697,Hyderabad,Telangana,Net Banking,Delivered
ORD101290,CUST1344,Ankit Mehta,28-12-2027,Casual Sneakers,Footwear,1,2499,25,1874.25,1874.25,1400,474.25,Hyderabad,Telangana,Cash On Delivery,Delivered
ORD100888,CUST1158,Rohan Jain,29-12-2027,Laptop Backpack,Accessories,1,1799,20,1439.2,1439.2,950,489.2,Lucknow,Uttar Pradesh,Cash On Delivery,Delivered
ORD100880,CUST1170,Rohan Yadav,30-12-2027,Mechanical Keyboard,Electronics,1,3299,10,2969.1,2969.1,1950,1019.1,Delhi,Delhi,Debit Card,Returned
ORD101727,CUST1353,Aditya Mehta,31-12-2027,Denim Jeans,Fashion,2,1999,25,1499.25,2998.5,2100,898.5,Gurugram,Haryana,Credit Card,Delivered
ORD100901,CUST1402,Priya Yadav,01-01-2028,Wireless Mouse,Electronics,1,899,0,899,899,520,379,Bengaluru,Karnataka,Debit Card,Delivered
ORD100293,CUST1360,Rohan Mehta,02-01-2028,Hoodie,Fashion,1,1799,20,1439.2,1439.2,900,539.2,Ahmedabad,Gujarat,Net Banking,Cancelled
ORD100632,CUST1277,Riya Kumar,03-01-2028,Denim Jeans,Fashion,2,1999,10,1799.1,3598.2,2100,1498.2,Mumbai,Maharashtra,Debit Card,Delivered
ORD101129,CUST1005,Rohan Sharma,04-01-2028,Hoodie,Fashion,1,1799,15,1529.15,1529.15,900,629.15,Bengaluru,Karnataka,Debit Card,Delivered
ORD101432,CUST1072,Karan Singh,05-01-2028,Phone Case,Accessories,2,699,5,664.05,1328.1,560,768.1,Bengaluru,Karnataka,Net Banking,Delivered
ORD101132,CUST1203,Mohit Mehta,06-01-2028,Cotton T-Shirt,Fashion,3,999,15,849.15,2547.45,1440,1107.45,Chandigarh,Chandigarh,Debit Card,Delivered
ORD101279,CUST1057,Ananya Singh,07-01-2028,Notebook Set,Stationery,2,499,25,374.25,748.5,420,328.5,Bengaluru,Karnataka,Debit Card,Delivered
ORD101086,CUST1242,Karan Malhotra,08-01-2028,Office Chair,Furniture,1,7499,20,5999.2,5999.2,4800,1199.2,Pune,Maharashtra,Cash On Delivery,Delivered
ORD100494,CUST1008,Pooja Malhotra,09-01-2028,Running Shoes,Footwear,1,2999,30,2099.3,2099.3,1750,349.3,Noida,Uttar Pradesh,UPI,Delivered
ORD101189,CUST1326,Mohit Jain,10-01-2028,Smart Watch,Electronics,1,3999,20,3199.2,3199.2,2500,699.2,Indore,Madhya Pradesh,Credit Card,Delivered
ORD100278,CUST1327,Rohan Chauhan,11-01-2028,Power Bank,Electronics,1,1599,15,1359.15,1359.15,900,459.15,Gurugram,Haryana,UPI,Delivered
ORD101662,CUST1351,Priya Jain,12-01-2028,Hoodie,Fashion,1,1799,15,1529.15,1529.15,900,629.15,Faridabad,Haryana,UPI,Delivered
ORD100359,CUST1007,Pooja Malhotra,13-01-2028,Coffee Maker,Home & Kitchen,2,3499,15,2974.15,5948.3,4200,1748.3,Bengaluru,Karnataka,Debit Card,Delivered
ORD100987,CUST1194,Vivaan Chauhan,14-01-2028,Office Chair,Furniture,1,7499,15,6374.15,6374.15,4800,1574.15,Pune,Maharashtra,Debit Card,Delivered
ORD100237,CUST1162,Neha Yadav,15-01-2028,Phone Case,Accessories,1,699,10,629.1,629.1,280,349.1,Jaipur,Rajasthan,Credit Card,Delivered
ORD101681,CUST1255,Karan Gupta,16-01-2028,Smart Watch,Electronics,2,3999,15,3399.15,6798.3,5000,1798.3,Mumbai,Maharashtra,UPI,Delivered
ORD100209,CUST1113,Pooja Kumar,17-01-2028,Air Fryer,Home & Kitchen,1,5999,15,5099.15,5099.15,3800,1299.15,Faridabad,Haryana,Net Banking,Delivered
ORD101281,CUST1178,Nisha Yadav,18-01-2028,Denim Jeans,Fashion,1,1999,30,1399.3,1399.3,1050,349.3,Noida,Uttar Pradesh,UPI,Returned
ORD101406,CUST1432,Aditya Malhotra,19-01-2028,Laptop Backpack,Accessories,1,1799,15,1529.15,1529.15,950,579.15,Jaipur,Rajasthan,Net Banking,Delivered
ORD100059,CUST1041,Isha Singh,20-01-2028,Denim Jeans,Fashion,3,1999,5,1899.05,5697.15,3150,2547.15,Jaipur,Rajasthan,Debit Card,Delivered
ORD101430,CUST1319,Rohan Gupta,21-01-2028,Study Table,Furniture,1,5999,10,5399.1,5399.1,3600,1799.1,Ahmedabad,Gujarat,Credit Card,Returned
ORD101423,CUST1386,Sneha Yadav,22-01-2028,Phone Case,Accessories,2,699,20,559.2,1118.4,560,558.4,Delhi,Delhi,Debit Card,Delivered
ORD100364,CUST1406,Aarav Chauhan,23-01-2028,Phone Case,Accessories,1,699,0,699,699,280,419,Jaipur,Rajasthan,Cash On Delivery,Cancelled
ORD100907,CUST1289,Isha Mehta,24-01-2028,Wireless Mouse,Electronics,1,899,25,674.25,674.25,520,154.25,Chennai,Tamil Nadu,UPI,Delivered
ORD100723,CUST1421,Karan Jain,25-01-2028,Laptop Backpack,Accessories,3,1799,5,1709.05,5127.15,2850,2277.15,Gurugram,Haryana,Cash On Delivery,Delivered
ORD101010,CUST1331,Arjun Malhotra,26-01-2028,Air Fryer,Home & Kitchen,1,5999,0,5999,5999,3800,2199,Ahmedabad,Gujarat,Cash On Delivery,Delivered
ORD101633,CUST1157,Aditya Gupta,27-01-2028,Bluetooth Headphones,Electronics,2,2499,20,1999.2,3998.4,2900,1098.4,Bengaluru,Karnataka,UPI,Delivered
ORD101102,CUST1011,Priya Kumar,28-01-2028,Wireless Mouse,Electronics,1,899,20,719.2,719.2,520,199.2,Lucknow,Uttar Pradesh,Net Banking,Delivered
ORD100693,CUST1155,Rahul Verma,29-01-2028,Wireless Mouse,Electronics,1,899,20,719.2,719.2,520,199.2,Gurugram,Haryana,Net Banking,Delivered
ORD100906,CUST1447,Priya Yadav,30-01-2028,Mechanical Keyboard,Electronics,1,3299,5,3134.05,3134.05,1950,1184.05,Ahmedabad,Gujarat,Debit Card,Delivered
ORD101570,CUST1214,Simran Chauhan,31-01-2028,Study Table,Furniture,1,5999,25,4499.25,4499.25,3600,899.25,Mumbai,Maharashtra,Debit Card,Delivered
ORD100119,CUST1413,Neha Sharma,01-02-2028,Notebook Set,Stationery,1,499,30,349.3,349.3,210,139.3,Lucknow,Uttar Pradesh,Debit Card,Delivered
ORD101796,CUST1022,Pooja Kumar,02-02-2028,Notebook Set,Stationery,2,499,5,474.05,948.1,420,528.1,Chennai,Tamil Nadu,Net Banking,Cancelled
ORD100630,CUST1285,Neha Mehta,03-02-2028,Air Fryer,Home & Kitchen,2,5999,15,5099.15,10198.3,7600,2598.3,Bengaluru,Karnataka,UPI,Delivered
ORD100523,CUST1378,Ananya Singh,04-02-2028,Study Table,Furniture,2,5999,10,5399.1,10798.2,7200,3598.2,Lucknow,Uttar Pradesh,UPI,Delivered
ORD100514,CUST1296,Riya Yadav,05-02-2028,Desk Lamp,Home & Kitchen,1,1299,25,974.25,974.25,650,324.25,Kolkata,West Bengal,Credit Card,Delivered
ORD100082,CUST1365,Mohit Jain,06-02-2028,USB-C Hub,Electronics,3,1499,25,1124.25,3372.75,2460,912.75,Faridabad,Haryana,Cash On Delivery,Returned
ORD100705,CUST1447,Priya Yadav,07-02-2028,Hoodie,Fashion,1,1799,20,1439.2,1439.2,900,539.2,Ahmedabad,Gujarat,UPI,Delivered
ORD100381,CUST1072,Karan Singh,08-02-2028,Study Table,Furniture,2,5999,20,4799.2,9598.4,7200,2398.4,Bengaluru,Karnataka,UPI,Returned
ORD101525,CUST1357,Pooja Malhotra,09-02-2028,Cotton T-Shirt,Fashion,2,999,10,899.1,1798.2,960,838.2,Faridabad,Haryana,UPI,Delivered
ORD100085,CUST1164,Rohan Sharma,10-02-2028,Cotton T-Shirt,Fashion,1,999,20,799.2,799.2,480,319.2,Jaipur,Rajasthan,Cash On Delivery,Delivered
ORD101515,CUST1162,Neha Yadav,11-02-2028,Laptop Backpack,Accessories,1,1799,0,1799,1799,950,849,Jaipur,Rajasthan,Credit Card,Delivered
ORD101666,CUST1328,Ananya Mehta,12-02-2028,Desk Lamp,Home & Kitchen,1,1299,15,1104.15,1104.15,650,454.15,Indore,Madhya Pradesh,UPI,Delivered
ORD100915,CUST1388,Riya Yadav,13-02-2028,Water Bottle,Home & Kitchen,1,799,5,759.05,759.05,350,409.05,Faridabad,Haryana,UPI,Delivered
ORD100614,CUST1291,Vivaan Chauhan,14-02-2028,USB-C Hub,Electronics,1,1499,20,1199.2,1199.2,820,379.2,Bengaluru,Karnataka,Debit Card,Delivered
ORD100983,CUST1202,Rahul Yadav,15-02-2028,Phone Case,Accessories,1,699,10,629.1,629.1,280,349.1,Hyderabad,Telangana,Debit Card,Delivered
ORD100757,CUST1107,Kavya Singh,16-02-2028,Running Shoes,Footwear,1,2999,15,2549.15,2549.15,1750,799.15,Ahmedabad,Gujarat,UPI,Delivered
ORD100721,CUST1395,Priya Sharma,17-02-2028,Wireless Mouse,Electronics,1,899,20,719.2,719.2,520,199.2,Indore,Madhya Pradesh,Credit Card,Delivered
ORD100452,CUST1232,Pooja Singh,18-02-2028,Office Chair,Furniture,1,7499,15,6374.15,6374.15,4800,1574.15,Jaipur,Rajasthan,Cash On Delivery,Delivered
ORD100491,CUST1308,Sneha Jain,19-02-2028,Laptop Backpack,Accessories,1,1799,5,1709.05,1709.05,950,759.05,Jaipur,Rajasthan,Net Banking,Returned
ORD101779,CUST1448,Pooja Jain,20-02-2028,Office Chair,Furniture,1,7499,20,5999.2,5999.2,4800,1199.2,Jaipur,Rajasthan,UPI,Delivered
ORD100288,CUST1051,Riya Verma,21-02-2028,Hoodie,Fashion,1,1799,5,1709.05,1709.05,900,809.05,Gurugram,Haryana,Net Banking,Delivered
ORD101158,CUST1415,Simran Sharma,22-02-2028,USB-C Hub,Electronics,2,1499,20,1199.2,2398.4,1640,758.4,Chandigarh,Chandigarh,Credit Card,Delivered
ORD101786,CUST1082,Ankit Singh,23-02-2028,Hoodie,Fashion,1,1799,15,1529.15,1529.15,900,629.15,Jaipur,Rajasthan,Credit Card,Delivered
ORD101230,CUST1166,Priya Kumar,24-02-2028,Water Bottle,Home & Kitchen,3,799,15,679.15,2037.45,1050,987.45,Pune,Maharashtra,UPI,Delivered
ORD101084,CUST1308,Sneha Jain,25-02-2028,Bluetooth Headphones,Electronics,1,2499,15,2124.15,2124.15,1450,674.15,Jaipur,Rajasthan,Net Banking,Returned
ORD101499,CUST1183,Aditya Mehta,26-02-2028,Water Bottle,Home & Kitchen,2,799,30,559.3,1118.6,700,418.6,Indore,Madhya Pradesh,Credit Card,Delivered
ORD101334,CUST1058,Priya Mehta,27-02-2028,Hoodie,Fashion,1,1799,20,1439.2,1439.2,900,539.2,Kolkata,West Bengal,UPI,Delivered
ORD101000,CUST1437,Aditya Verma,28-02-2028,Study Table,Furniture,2,5999,10,5399.1,10798.2,7200,3598.2,Kolkata,West Bengal,Debit Card,Delivered
ORD101201,CUST1020,Karan Jain,29-02-2028,Smart Watch,Electronics,1,3999,25,2999.25,2999.25,2500,499.25,Kolkata,West Bengal,UPI,Delivered
ORD101490,CUST1167,Rahul Chauhan,01-03-2028,Casual Sneakers,Footwear,1,2499,20,1999.2,1999.2,1400,599.2,Chandigarh,Chandigarh,UPI,Returned
ORD100328,CUST1279,Pooja Chauhan,02-03-2028,Phone Case,Accessories,1,699,10,629.1,629.1,280,349.1,Faridabad,Haryana,UPI,Delivered
ORD101310,CUST1114,Riya Mehta,03-03-2028,USB-C Hub,Electronics,1,1499,15,1274.15,1274.15,820,454.15,Mumbai,Maharashtra,UPI,Delivered
ORD101113,CUST1044,Vivaan Kumar,04-03-2028,Bluetooth Headphones,Electronics,1,2499,15,2124.15,2124.15,1450,674.15,Hyderabad,Telangana,Cash On Delivery,Delivered
ORD100937,CUST1134,Ankit Kumar,05-03-2028,Power Bank,Electronics,1,1599,10,1439.1,1439.1,900,539.1,Mumbai,Maharashtra,Credit Card,Delivered
ORD101408,CUST1004,Vivaan Jain,06-03-2028,Cotton T-Shirt,Fashion,2,999,10,899.1,1798.2,960,838.2,Chandigarh,Chandigarh,Credit Card,Delivered
ORD100758,CUST1329,Kavya Jain,07-03-2028,Cotton T-Shirt,Fashion,1,999,10,899.1,899.1,480,419.1,Noida,Uttar Pradesh,Cash On Delivery,Delivered
ORD100178,CUST1281,Priya Sharma,08-03-2028,Phone Case,Accessories,1,699,20,559.2,559.2,280,279.2,Kolkata,West Bengal,Cash On Delivery,Delivered
ORD100608,CUST1323,Kavya Kumar,09-03-2028,Desk Lamp,Home & Kitchen,2,1299,30,909.3,1818.6,1300,518.6,Indore,Madhya Pradesh,Net Banking,Cancelled
ORD100775,CUST1237,Ankit Singh,10-03-2028,Mechanical Keyboard,Electronics,4,3299,10,2969.1,11876.4,7800,4076.4,Jaipur,Rajasthan,Net Banking,Delivered
ORD100087,CUST1315,Priya Kumar,11-03-2028,Air Fryer,Home & Kitchen,1,5999,10,5399.1,5399.1,3800,1599.1,Gurugram,Haryana,Cash On Delivery,Delivered
ORD101266,CUST1180,Vivaan Malhotra,12-03-2028,Coffee Maker,Home & Kitchen,3,3499,18,2974.15,8922.45,6300,2622.45,Ahmedabad,Gujarat,Debit Card,Cancelled
ORD101758,CUST1174,Nisha Yadav,13-03-2028,Desk Lamp,Home & Kitchen,1,1299,10,1169.1,1169.1,650,519.1,Hyderabad,Telangana,UPI,Returned
ORD100458,CUST1066,Ananya Mehta,14-03-2028,Air Fryer,Home & Kitchen,3,5999,5,5699.05,17097.15,11400,5697.15,Chennai,Tamil Nadu,Debit Card,Delivered
ORD100055,CUST1084,Rahul Verma,15-03-2028,USB-C Hub,Electronics,2,1499,20,1199.2,2398.4,1640,758.4,Kolkata,West Bengal,Cash On Delivery,Delivered
ORD101353,CUST1192,Isha Gupta,16-03-2028,Cotton T-Shirt,Fashion,1,999,10,899.1,899.1,480,419.1,Bengaluru,Karnataka,Credit Card,Returned
ORD100222,CUST1031,Isha Malhotra,17-03-2028,Laptop Backpack,Accessories,2,1799,10,1619.1,3238.2,1900,1338.2,Chennai,Tamil Nadu,UPI,Delivered
ORD100114,CUST1294,Sneha Sharma,18-03-2028,Desk Lamp,Home & Kitchen,1,1299,10,1169.1,1169.1,650,519.1,Jaipur,Rajasthan,UPI,Delivered
ORD101654,CUST1299,Ananya Malhotra,19-03-2028,Smart Watch,Electronics,1,3999,0,3999,3999,2500,1499,Ahmedabad,Gujarat,Net Banking,Delivered
ORD101112,CUST1208,Aarav Jain,20-03-2028,Power Bank,Electronics,1,1599,20,1279.2,1279.2,900,379.2,Chandigarh,Chandigarh,Credit Card,Delivered
ORD100820,CUST1020,Karan Jain,21-03-2028,Study Table,Furniture,1,5999,0,5999,5999,3600,2399,Kolkata,West Bengal,Debit Card,Delivered
ORD100175,CUST1155,Rahul Verma,22-03-2028,Casual Sneakers,Footwear,1,2499,20,1999.2,1999.2,1400,599.2,Gurugram,Haryana,Credit Card,Delivered
ORD101646,CUST1039,Rahul Gupta,23-03-2028,Laptop Backpack,Accessories,3,1799,20,1439.2,4317.6,2850,1467.6,Bengaluru,Karnataka,Credit Card,Returned
ORD101405,CUST1135,Neha Mehta,24-03-2028,Office Chair,Furniture,1,7499,20,5999.2,5999.2,4800,1199.2,Delhi,Delhi,UPI,Delivered
ORD100019,CUST1041,Isha Singh,25-03-2028,Wireless Mouse,Electronics,1,899,0,899,899,520,379,Jaipur,Rajasthan,UPI,Delivered
ORD100424,CUST1243,Mohit Gupta,26-03-2028,Notebook Set,Stationery,1,499,20,399.2,399.2,210,189.2,Chandigarh,Chandigarh,Cash On Delivery,Cancelled
ORD101207,CUST1401,Aarav Kumar,27-03-2028,Denim Jeans,Fashion,1,1999,15,1699.15,1699.15,1050,649.15,Lucknow,Uttar Pradesh,Net Banking,Delivered
ORD100286,CUST1306,Riya Singh,28-03-2028,Coffee Maker,Home & Kitchen,1,3499,20,2799.2,2799.2,2100,699.2,Chandigarh,Chandigarh,Cash On Delivery,Delivered
ORD101429,CUST1246,Isha Chauhan,29-03-2028,Running Shoes,Footwear,1,2999,15,2549.15,2549.15,1750,799.15,Hyderabad,Telangana,Cash On Delivery,Delivered
ORD100429,CUST1215,Aarav Malhotra,30-03-2028,Office Chair,Furniture,1,7499,15,6374.15,6374.15,4800,1574.15,Noida,Uttar Pradesh,Debit Card,Returned
ORD101361,CUST1202,Rahul Yadav,31-03-2028,Hoodie,Fashion,1,1799,10,1619.1,1619.1,900,719.1,Hyderabad,Telangana,Debit Card,Returned
ORD101246,CUST1185,Aarav Malhotra,01-04-2028,Casual Sneakers,Footwear,1,2499,15,2124.15,2124.15,1400,724.15,Faridabad,Haryana,Credit Card,Delivered
ORD100032,CUST1279,Pooja Chauhan,02-04-2028,Study Table,Furniture,1,5999,10,5399.1,5399.1,3600,1799.1,Faridabad,Haryana,Net Banking,Delivered
ORD101011,CUST1349,Pooja Mehta,03-04-2028,Desk Lamp,Home & Kitchen,2,1299,10,1169.1,2338.2,1300,1038.2,Mumbai,Maharashtra,Cash On Delivery,Delivered
ORD101775,CUST1018,Simran Sharma,04-04-2028,Mechanical Keyboard,Electronics,2,3299,15,2804.15,5608.3,3900,1708.3,Lucknow,Uttar Pradesh,Debit Card,Delivered
ORD100215,CUST1049,Rohan Jain,05-04-2028,Study Table,Furniture,2,5999,15,5099.15,10198.3,7200,2998.3,Indore,Madhya Pradesh,Debit Card,Delivered
ORD100670,CUST1403,Pooja Malhotra,06-04-2028,USB-C Hub,Electronics,1,1499,10,1349.1,1349.1,820,529.1,Jaipur,Rajasthan,Cash On Delivery,Delivered
ORD100327,CUST1042,Arjun Chauhan,07-04-2028,Running Shoes,Footwear,1,2999,10,2699.1,2699.1,1750,949.1,Bengaluru,Karnataka,Debit Card,Cancelled
ORD100561,CUST1311,Ankit Singh,08-04-2028,Cotton T-Shirt,Fashion,2,999,25,749.25,1498.5,960,538.5,Kolkata,West Bengal,Cash On Delivery,Delivered
ORD101050,CUST1240,Sneha Verma,09-04-2028,Denim Jeans,Fashion,1,1999,20,1599.2,1599.2,1050,549.2,Chennai,Tamil Nadu,Credit Card,Delivered
ORD101236,CUST1157,Aditya Gupta,10-04-2028,Phone Case,Accessories,1,699,15,594.15,594.15,280,314.15,Bengaluru,Karnataka,Debit Card,Delivered
ORD101352,CUST1420,Aarav Yadav,11-04-2028,Notebook Set,Stationery,2,499,20,399.2,798.4,420,378.4,Pune,Maharashtra,UPI,Delivered
ORD100342,CUST1436,Mohit Gupta,12-04-2028,Notebook Set,Stationery,1,499,5,474.05,474.05,210,264.05,Indore,Madhya Pradesh,UPI,Delivered
ORD100148,CUST1244,Rahul Mehta,13-04-2028,Notebook Set,Stationery,4,499,20,399.2,1596.8,840,756.8,Ahmedabad,Gujarat,Cash On Delivery,Delivered
ORD100361,CUST1149,Riya Singh,14-04-2028,Bluetooth Headphones,Electronics,1,2499,5,2374.05,2374.05,1450,924.05,Jaipur,Rajasthan,Credit Card,Returned
ORD100084,CUST1315,Priya Kumar,15-04-2028,USB-C Hub,Electronics,2,1499,10,1349.1,2698.2,1640,1058.2,Gurugram,Haryana,Credit Card,Delivered
ORD100049,CUST1160,Isha Malhotra,16-04-2028,Phone Case,Accessories,1,699,5,664.05,664.05,280,384.05,Mumbai,Maharashtra,Credit Card,Delivered
ORD100469,CUST1395,Priya Sharma,17-04-2028,Coffee Maker,Home & Kitchen,3,3499,5,3324.05,9972.15,6300,3672.15,Indore,Madhya Pradesh,Credit Card,Delivered
ORD100156,CUST1229,Aditya Jain,18-04-2028,Notebook Set,Stationery,1,499,20,399.2,399.2,210,189.2,Chennai,Tamil Nadu,Cash On Delivery,Delivered
ORD101676,CUST1213,Ankit Verma,19-04-2028,Bluetooth Headphones,Electronics,1,2499,25,1874.25,1874.25,1450,424.25,Noida,Uttar Pradesh,Net Banking,Cancelled
ORD101317,CUST1276,Riya Kumar,20-04-2028,Wireless Mouse,Electronics,1,899,25,674.25,674.25,520,154.25,Pune,Haryana,Net Banking,Delivered
ORD101092,CUST1047,Riya Kumar,21-04-2028,Mechanical Keyboard,Electronics,2,3299,25,2639.2,5278.4,3900,1378.4,Indore,Madhya Pradesh,Credit Card,Delivered
ORD101471,CUST1354,Aarav Mehta,22-04-2028,Denim Jeans,Fashion,1,1999,20,1599.2,1599.2,1050,549.2,Lucknow,Uttar Pradesh,Cash On Delivery,Delivered
ORD100501,CUST1154,Rahul Mehta,23-04-2028,Wireless Mouse,Electronics,2,899,10,809.1,1618.2,1040,578.2,Indore,Madhya Pradesh,UPI,Delivered
ORD100180,CUST1222,Aditya Singh,24-04-2028,Cotton T-Shirt,Fashion,1,999,15,849.15,849.15,480,369.15,Gurugram,Haryana,Cash On Delivery,Delivered
ORD101481,CUST1044,Vivaan Kumar,25-04-2028,Denim Jeans,Fashion,1,1999,10,1799.1,1799.1,1050,749.1,Hyderabad,Telangana,Cash On Delivery,Returned
ORD101600,CUST1039,Rahul Gupta,26-04-2028,Bluetooth Headphones,Electronics,1,2499,30,1749.3,1749.3,1450,299.3,Bengaluru,Karnataka,UPI,Delivered
ORD100808,CUST1212,Kavya Mehta,27-04-2028,Air Fryer,Home & Kitchen,1,5999,15,5099.15,5099.15,3800,1299.15,Faridabad,Haryana,Cash On Delivery,Delivered
ORD100529,CUST1219,Ananya Yadav,28-04-2028,Bluetooth Headphones,Electronics,2,2499,5,2374.05,4748.1,2900,1848.1,Jaipur,Rajasthan,UPI,Delivered
ORD100347,CUST1092,Mohit Jain,29-04-2028,USB-C Hub,Electronics,1,1499,10,1349.1,1349.1,820,529.1,Chennai,Tamil Nadu,Credit Card,Returned
ORD101248,CUST1197,Vikram Mehta,30-04-2028,Coffee Maker,Home & Kitchen,1,3499,15,2974.15,2974.15,2100,874.15,Ahmedabad,Gujarat,Net Banking,Delivered
ORD101761,CUST1130,Arjun Mehta,01-05-2028,Phone Case,Accessories,1,699,20,559.2,559.2,280,279.2,Pune,Maharashtra,Credit Card,Delivered
ORD101282,CUST1342,Nisha Yadav,02-05-2028,Notebook Set,Stationery,2,499,20,399.2,798.4,420,378.4,Lucknow,Uttar Pradesh,Credit Card,Delivered
ORD100922,CUST1343,Arjun Chauhan,03-05-2028,Phone Case,Accessories,1,699,30,489.3,489.3,280,209.3,Indore,Madhya Pradesh,Credit Card,Delivered
ORD101384,CUST1018,Simran Sharma,04-05-2028,Casual Sneakers,Footwear,3,2499,20,1999.2,5997.6,4200,1797.6,Lucknow,Uttar Pradesh,Cash On Delivery,Delivered
ORD100602,CUST1028,Mohit Sharma,05-05-2028,Coffee Maker,Home & Kitchen,1,3499,10,3149.1,3149.1,2100,1049.1,Mumbai,Maharashtra,Debit Card,Delivered
ORD100890,CUST1314,Rahul Kumar,06-05-2028,Study Table,Furniture,1,5999,10,5399.1,5399.1,3600,1799.1,Chandigarh,Chandigarh,Debit Card,Delivered
ORD100244,CUST1026,Kavya Verma,07-05-2028,USB-C Hub,Electronics,2,1499,15,1274.15,2548.3,1640,908.3,Indore,Madhya Pradesh,UPI,Delivered
ORD100737,CUST1108,Pooja Gupta,08-05-2028,Water Bottle,Home & Kitchen,3,799,10,719.1,2157.3,1050,1107.3,Hyderabad,Telangana,Debit Card,Delivered
ORD101329,CUST1263,Rahul Kumar,09-05-2028,Laptop Backpack,Accessories,2,1799,30,1259.3,2518.6,1900,618.6,Ahmedabad,Gujarat,Debit Card,Delivered
ORD100313,CUST1181,Riya Chauhan,10-05-2028,Desk Lamp,Home & Kitchen,1,1299,10,1169.1,1169.1,650,519.1,Chandigarh,Chandigarh,Credit Card,Delivered
ORD100436,CUST1281,Priya Sharma,11-05-2028,Casual Sneakers,Footwear,1,2499,20,1999.2,1999.2,1400,599.2,Kolkata,West Bengal,Credit Card,Delivered
ORD101705,CUST1099,Rahul Verma,12-05-2028,Smart Watch,Electronics,1,3999,10,3599.1,3599.1,2500,1099.1,Indore,Madhya Pradesh,Credit Card,Delivered
ORD101288,CUST1420,Aarav Yadav,13-05-2028,Phone Case,Accessories,1,699,15,594.15,594.15,280,314.15,Pune,Maharashtra,Debit Card,Delivered
ORD100309,CUST1415,Simran Sharma,14-05-2028,Bluetooth Headphones,Electronics,1,2499,25,1874.25,1874.25,1450,424.25,Chandigarh,Chandigarh,Cash On Delivery,Delivered
ORD100431,CUST1418,Simran Malhotra,15-05-2028,Coffee Maker,Home & Kitchen,1,3499,5,3324.05,3324.05,2100,1224.05,Chennai,Tamil Nadu,Cash On Delivery,Delivered
ORD100371,CUST1196,Pooja Verma,16-05-2028,Laptop Backpack,Accessories,3,1799,25,1349.25,4047.75,2850,1197.75,Gurugram,Haryana,Cash On Delivery,Delivered
ORD100567,CUST1014,Ankit Chauhan,17-05-2028,Office Chair,Furniture,1,7499,20,5999.2,5999.2,4800,1199.2,Indore,Madhya Pradesh,Net Banking,Delivered
ORD101749,CUST1351,Priya Jain,18-05-2028,Office Chair,Furniture,1,7499,20,5999.2,5999.2,4800,1199.2,Faridabad,Haryana,Debit Card,Returned
ORD100182,CUST1054,Kavya Jain,19-05-2028,Desk Lamp,Home & Kitchen,1,1299,10,1169.1,1169.1,650,519.1,Bengaluru,Karnataka,Credit Card,Delivered
ORD101730,CUST1057,Ananya Singh,20-05-2028,Coffee Maker,Home & Kitchen,1,3499,5,3324.05,3324.05,2100,1224.05,Bengaluru,Karnataka,Net Banking,Delivered
ORD100622,CUST1298,Rahul Chauhan,21-05-2028,Bluetooth Headphones,Electronics,2,2499,25,1874.25,3748.5,2900,848.5,Indore,Madhya Pradesh,Credit Card,Delivered
ORD100675,CUST1236,Pooja Chauhan,22-05-2028,Mechanical Keyboard,Electronics,1,3299,10,2969.1,2969.1,1950,1019.1,Delhi,Delhi,Credit Card,Delivered
ORD101126,CUST1368,Rohan Jain,23-05-2028,USB-C Hub,Electronics,1,1499,15,1274.15,1274.15,820,454.15,Pune,Maharashtra,UPI,Delivered
ORD100782,CUST1307,Kavya Kumar,24-05-2028,Water Bottle,Home & Kitchen,2,799,20,639.2,1278.4,700,578.4,Hyderabad,Telangana,Cash On Delivery,Delivered
ORD101656,CUST1104,Kavya Yadav,25-05-2028,Mechanical Keyboard,Electronics,1,3299,10,2969.1,2969.1,1950,1019.1,Chandigarh,Chandigarh,Cash On Delivery,Delivered
ORD100297,CUST1234,Arjun Mehta,26-05-2028,Desk Lamp,Home & Kitchen,1,1299,10,1169.1,1169.1,650,519.1,Lucknow,Uttar Pradesh,Debit Card,Delivered
ORD100745,CUST1247,Kavya Jain,27-05-2028,Cotton T-Shirt,Fashion,1,999,20,799.2,799.2,480,319.2,Hyderabad,Telangana,UPI,Delivered
ORD100462,CUST1079,Aditya Mehta,28-05-2028,Study Table,Furniture,1,5999,5,5699.05,5699.05,3600,2099.05,Pune,Maharashtra,Net Banking,Delivered
ORD101174,CUST1123,Neha Sharma,29-05-2028,Desk Lamp,Home & Kitchen,1,1299,25,974.25,974.25,650,324.25,Chandigarh,Chandigarh,Debit Card,Delivered
ORD100977,CUST1129,Sneha Verma,30-05-2028,Desk Lamp,Home & Kitchen,1,1299,10,1169.1,1169.1,650,519.1,Chennai,Tamil Nadu,Net Banking,Delivered
ORD100378,CUST1368,Rohan Jain,31-05-2028,Study Table,Furniture,2,5999,20,4799.2,9598.4,7200,2398.4,Pune,Maharashtra,Debit Card,Delivered
ORD101284,CUST1175,Arjun Verma,01-06-2028,Denim Jeans,Fashion,1,1999,20,1599.2,1599.2,1050,549.2,Hyderabad,Telangana,Net Banking,Delivered
ORD100106,CUST1003,Ankit Chauhan,02-06-2028,Office Chair,Furniture,1,7499,20,5999.2,5999.2,4800,1199.2,Faridabad,Haryana,Net Banking,Delivered
ORD100127,CUST1437,Aditya Verma,03-06-2028,Power Bank,Electronics,1,1599,15,1359.15,1359.15,900,459.15,Kolkata,West Bengal,UPI,Returned
ORD101024,CUST1342,Nisha Yadav,04-06-2028,Notebook Set,Stationery,2,499,5,474.05,948.1,420,528.1,Lucknow,Uttar Pradesh,UPI,Delivered
ORD100793,CUST1433,Riya Jain,05-06-2028,Bluetooth Headphones,Electronics,1,2499,15,2124.15,2124.15,1450,674.15,Bengaluru,Karnataka,UPI,Delivered
ORD100356,CUST1156,Sneha Jain,06-06-2028,Water Bottle,Home & Kitchen,2,799,15,679.15,1358.3,700,658.3,Indore,Madhya Pradesh,Net Banking,Delivered
ORD101459,CUST1065,Ananya Jain,07-06-2028,Notebook Set,Stationery,1,499,20,399.2,399.2,210,189.2,Indore,Madhya Pradesh,UPI,Delivered
ORD101210,CUST1379,Pooja Kumar,08-06-2028,Casual Sneakers,Footwear,1,2499,10,2249.1,2249.1,1400,849.1,Delhi,Delhi,UPI,Delivered
ORD100932,CUST1263,Rahul Kumar,09-06-2028,Air Fryer,Home & Kitchen,2,5999,10,5399.1,10798.2,7600,3198.2,Ahmedabad,Gujarat,UPI,Delivered
ORD100210,CUST1427,Nisha Gupta,10-06-2028,Wireless Mouse,Electronics,1,899,20,719.2,719.2,520,199.2,Jaipur,Rajasthan,Debit Card,Delivered
ORD100731,CUST1401,Aarav Kumar,11-06-2028,Office Chair,Furniture,1,7499,20,5999.2,5999.2,4800,1199.2,Lucknow,Uttar Pradesh,Cash On Delivery,Returned
ORD100141,CUST1111,Aditya Singh,12-06-2028,Bluetooth Headphones,Electronics,2,2499,20,1999.2,3998.4,2900,1098.4,Mumbai,Maharashtra,Net Banking,Delivered
ORD101293,CUST1209,Nisha Verma,13-06-2028,Water Bottle,Home & Kitchen,1,799,10,719.1,719.1,350,369.1,Indore,Madhya Pradesh,Net Banking,Delivered
ORD101203,CUST1144,Arjun Mehta,14-06-2028,Casual Sneakers,Footwear,3,2499,20,1999.2,5997.6,4200,1797.6,Pune,Maharashtra,Debit Card,Delivered
ORD100911,CUST1360,Rohan Mehta,15-06-2028,Cotton T-Shirt,Fashion,1,999,0,999,999,480,519,Ahmedabad,Gujarat,UPI,Delivered
ORD101420,CUST1199,Aarav Verma,16-06-2028,Bluetooth Headphones,Electronics,1,2499,5,2374.05,2374.05,1450,924.05,Delhi,Delhi,Cash On Delivery,Delivered
ORD101558,CUST1016,Mohit Gupta,17-06-2028,Power Bank,Electronics,2,1599,15,1359.15,2718.3,1800,918.3,Bengaluru,Karnataka,Cash On Delivery,Delivered
ORD100862,CUST1049,Rohan Jain,18-06-2028,Power Bank,Electronics,1,1599,10,1439.1,1439.1,900,539.1,Indore,Madhya Pradesh,UPI,Delivered
ORD101143,CUST1085,Rahul Sharma,19-06-2028,Desk Lamp,Home & Kitchen,1,1299,5,1234.05,1234.05,650,584.05,Chennai,Tamil Nadu,Cash On Delivery,Delivered
ORD100712,CUST1336,Nisha Jain,20-06-2028,Phone Case,Accessories,1,699,20,559.2,559.2,280,279.2,Pune,Maharashtra,Net Banking,Delivered
ORD100707,CUST1413,Neha Sharma,21-06-2028,Air Fryer,Home & Kitchen,1,5999,0,5999,5999,3800,2199,Lucknow,Uttar Pradesh,Debit Card,Delivered
ORD100011,CUST1133,Nisha Mehta,22-06-2028,Wireless Mouse,Electronics,1,899,0,899,899,520,379,Jaipur,Rajasthan,Debit Card,Delivered
ORD101603,CUST1331,Arjun Malhotra,23-06-2028,Smart Watch,Electronics,2,3999,10,3599.1,7198.2,5000,2198.2,Ahmedabad,Gujarat,UPI,Delivered
ORD101326,CUST1095,Rohan Kumar,24-06-2028,Denim Jeans,Fashion,2,1999,20,1599.2,3198.4,2100,1098.4,Hyderabad,Telangana,Debit Card,Delivered
ORD100283,CUST1168,Mohit Chauhan,25-06-2028,Mechanical Keyboard,Electronics,1,3299,10,2969.1,2969.1,1950,1019.1,Kolkata,West Bengal,Net Banking,Delivered
ORD100292,CUST1102,Mohit Jain,26-06-2028,USB-C Hub,Electronics,2,1499,30,1049.3,2098.6,1640,458.6,Lucknow,Uttar Pradesh,Cash On Delivery,Delivered
ORD100627,CUST1023,Vivaan Yadav,27-06-2028,Laptop Backpack,Accessories,2,1799,15,1529.15,3058.3,1900,1158.3,Bengaluru,Karnataka,Cash On Delivery,Delivered
ORD101223,CUST1039,Rahul Gupta,28-06-2028,Hoodie,Fashion,1,1799,20,1439.2,1439.2,900,539.2,Bengaluru,Karnataka,Net Banking,Cancelled
ORD101076,CUST1323,Kavya Kumar,29-06-2028,Cotton T-Shirt,Fashion,1,999,20,799.2,799.2,480,319.2,Indore,Madhya Pradesh,Credit Card,Delivered
ORD100130,CUST1108,Pooja Gupta,30-06-2028,Denim Jeans,Fashion,1,1999,0,1999,1999,1050,949,Hyderabad,Telangana,Net Banking,Delivered
ORD101194,CUST1294,Sneha Sharma,01-07-2028,Wireless Mouse,Electronics,2,899,5,854.05,1708.1,1040,668.1,Jaipur,Rajasthan,Credit Card,Delivered
ORD100324,CUST1088,Sneha Singh,02-07-2028,Phone Case,Accessories,2,699,15,594.15,1188.3,560,628.3,Mumbai,Maharashtra,Credit Card,Delivered
ORD100951,CUST1060,Rohan Verma,03-07-2028,Study Table,Furniture,3,5999,20,4799.2,14397.6,10800,3597.6,Bengaluru,Karnataka,Cash On Delivery,Delivered
ORD100695,CUST1192,Isha Gupta,04-07-2028,Mechanical Keyboard,Electronics,1,3299,15,2804.15,2804.15,1950,854.15,Bengaluru,Karnataka,Debit Card,Delivered
ORD101504,CUST1086,Aditya Sharma,05-07-2028,Water Bottle,Home & Kitchen,2,799,5,759.05,1518.1,700,818.1,Kolkata,West Bengal,Cash On Delivery,Returned
ORD101678,CUST1415,Simran Sharma,06-07-2028,Desk Lamp,Home & Kitchen,3,1299,15,1104.15,3312.45,1950,1362.45,Chandigarh,Chandigarh,Net Banking,Delivered
ORD100713,CUST1252,Nisha Chauhan,07-07-2028,Laptop Backpack,Accessories,1,1799,20,1439.2,1439.2,950,489.2,Hyderabad,Telangana,Debit Card,Delivered
ORD101695,CUST1444,Vivaan Verma,08-07-2028,Coffee Maker,Home & Kitchen,1,3499,10,3149.1,3149.1,2100,1049.1,Chennai,Tamil Nadu,Credit Card,Delivered
ORD100988,CUST1273,Riya Sharma,09-07-2028,Wireless Mouse,Electronics,2,899,10,809.1,1618.2,1040,578.2,Pune,Maharashtra,Net Banking,Delivered
ORD101458,CUST1319,Rohan Gupta,10-07-2028,Smart Watch,Electronics,1,3999,15,3399.15,3399.15,2500,899.15,Ahmedabad,Gujarat,Net Banking,Delivered
ORD101476,CUST1406,Aarav Chauhan,11-07-2028,Casual Sneakers,Footwear,2,2499,25,1874.25,3748.5,2800,948.5,Jaipur,Rajasthan,Net Banking,Returned
ORD100159,CUST1079,Aditya Mehta,12-07-2028,Water Bottle,Home & Kitchen,1,799,10,719.1,719.1,350,369.1,Pune,Maharashtra,Net Banking,Delivered
ORD100810,CUST1189,Pooja Malhotra,13-07-2028,Cotton T-Shirt,Fashion,1,999,10,899.1,899.1,480,419.1,Kolkata,West Bengal,Net Banking,Delivered
ORD100635,CUST1401,Aarav Kumar,14-07-2028,Hoodie,Fashion,2,1799,18,1529.15,3058.3,1800,1258.3,Lucknow,Uttar Pradesh,Credit Card,Delivered
ORD100517,CUST1125,Kavya Sharma,15-07-2028,Notebook Set,Stationery,1,499,10,449.1,449.1,210,239.1,Ahmedabad,Gujarat,Debit Card,Delivered
ORD101285,CUST1016,Mohit Gupta,16-07-2028,Mechanical Keyboard,Electronics,1,3299,10,2969.1,2969.1,1950,1019.1,Bengaluru,Karnataka,Credit Card,Delivered
ORD100598,CUST1100,Rahul Yadav,17-07-2028,USB-C Hub,Electronics,3,1499,25,1124.25,3372.75,2460,912.75,Hyderabad,Telangana,Net Banking,Delivered
ORD100196,CUST1287,Karan Sharma,18-07-2028,Mechanical Keyboard,Electronics,1,3299,10,2969.1,2969.1,1950,1019.1,Noida,Uttar Pradesh,UPI,Returned
ORD101787,CUST1257,Riya Chauhan,19-07-2028,Power Bank,Electronics,1,1599,15,1359.15,1359.15,900,459.15,Gurugram,Haryana,Cash On Delivery,Delivered
ORD101685,CUST1371,Riya Malhotra,20-07-2028,Office Chair,Furniture,1,7499,10,6749.1,6749.1,4800,1949.1,Pune,Maharashtra,Debit Card,Returned
ORD100411,CUST1115,Priya Verma,21-07-2028,Coffee Maker,Home & Kitchen,2,3499,5,3324.05,6648.1,4200,2448.1,Hyderabad,Telangana,Credit Card,Cancelled
ORD100097,CUST1127,Arjun Kumar,22-07-2028,Bluetooth Headphones,Electronics,1,2499,0,2499,2499,1450,1049,Gurugram,Haryana,Debit Card,Delivered
ORD100821,CUST1355,Mohit Singh,23-07-2028,Bluetooth Headphones,Electronics,1,2499,5,2374.05,2374.05,1450,924.05,Kolkata,West Bengal,Credit Card,Delivered
ORD100779,CUST1254,Priya Gupta,24-07-2028,Water Bottle,Home & Kitchen,2,799,0,799,1598,700,898,Chandigarh,Chandigarh,Debit Card,Delivered
ORD100157,CUST1051,Riya Verma,25-07-2028,Bluetooth Headphones,Electronics,1,2499,10,2249.1,2249.1,1450,799.1,Gurugram,Haryana,Cash On Delivery,Delivered
ORD100420,CUST1128,Sneha Verma,26-07-2028,Laptop Backpack,Accessories,2,1799,20,1439.2,2878.4,1900,978.4,Mumbai,Maharashtra,UPI,Delivered
ORD101679,CUST1167,Rahul Chauhan,27-07-2028,Study Table,Furniture,1,5999,15,5099.15,5099.15,3600,1499.15,Chandigarh,Chandigarh,Net Banking,Delivered
ORD100478,CUST1104,Kavya Yadav,28-07-2028,Office Chair,Furniture,1,7499,10,6749.1,6749.1,4800,1949.1,Chandigarh,Chandigarh,Cash On Delivery,Delivered
ORD101763,CUST1439,Priya Malhotra,29-07-2028,Mechanical Keyboard,Electronics,2,3299,15,2804.15,5608.3,3900,1708.3,Lucknow,Uttar Pradesh,Cash On Delivery,Returned
ORD100669,CUST1114,Riya Mehta,30-07-2028,Hoodie,Fashion,1,1799,10,1619.1,1619.1,900,719.1,Mumbai,Maharashtra,UPI,Delivered
ORD100874,CUST1058,Priya Mehta,31-07-2028,USB-C Hub,Electronics,1,1499,10,1349.1,1349.1,820,529.1,Kolkata,West Bengal,Credit Card,Delivered
ORD101590,CUST1039,Rahul Gupta,01-08-2028,Power Bank,Electronics,1,1599,5,1519.05,1519.05,900,619.05,Bengaluru,Karnataka,Net Banking,Delivered
ORD101524,CUST1442,Ankit Verma,02-08-2028,Coffee Maker,Home & Kitchen,3,3499,10,3149.1,9447.3,6300,3147.3,Noida,Haryana,UPI,Delivered
ORD100448,CUST1276,Riya Kumar,03-08-2028,Coffee Maker,Home & Kitchen,1,3499,15,2974.15,2974.15,2100,874.15,Pune,Maharashtra,Net Banking,Delivered
ORD101115,CUST1228,Ananya Mehta,04-08-2028,Bluetooth Headphones,Electronics,3,2499,25,1874.25,5622.75,4350,1272.75,Kolkata,West Bengal,Net Banking,Delivered
ORD100179,CUST1162,Neha Yadav,05-08-2028,Denim Jeans,Fashion,1,1999,0,1999,1999,1050,949,Jaipur,Rajasthan,Debit Card,Delivered
ORD100391,CUST1068,Kavya Kumar,06-08-2028,Cotton T-Shirt,Fashion,1,999,10,899.1,899.1,480,419.1,Mumbai,Maharashtra,Credit Card,Delivered
ORD100579,CUST1145,Priya Singh,07-08-2028,Notebook Set,Stationery,2,499,15,424.15,848.3,420,428.3,Jaipur,Rajasthan,Cash On Delivery,Delivered
ORD101303,CUST1018,Simran Sharma,08-08-2028,Cotton T-Shirt,Fashion,1,999,10,899.1,899.1,480,419.1,Lucknow,Uttar Pradesh,UPI,Delivered
ORD101542,CUST1300,Neha Jain,09-08-2028,Denim Jeans,Fashion,1,1999,5,1899.05,1899.05,1050,849.05,Kolkata,West Bengal,Credit Card,Delivered
ORD101316,CUST1278,Nisha Mehta,10-08-2028,Hoodie,Fashion,1,1799,20,1439.2,1439.2,900,539.2,Noida,Uttar Pradesh,Net Banking,Delivered
ORD101484,CUST1065,Ananya Jain,11-08-2028,Running Shoes,Footwear,1,2999,10,2699.1,2699.1,1750,949.1,Indore,Madhya Pradesh,Cash On Delivery,Delivered
ORD101630,CUST1026,Kavya Verma,12-08-2028,Casual Sneakers,Footwear,1,2499,15,2124.15,2124.15,1400,724.15,Indore,Madhya Pradesh,Net Banking,Cancelled
ORD101549,CUST1132,Karan Yadav,13-08-2028,Notebook Set,Stationery,3,499,20,399.2,1197.6,630,567.6,Noida,Uttar Pradesh,Credit Card,Delivered
ORD100807,CUST1380,Aditya Malhotra,14-08-2028,Mechanical Keyboard,Electronics,1,3299,10,2969.1,2969.1,1950,1019.1,Ahmedabad,Gujarat,UPI,Delivered
ORD100889,CUST1012,Arjun Yadav,15-08-2028,Power Bank,Electronics,1,1599,20,1279.2,1279.2,900,379.2,Noida,Uttar Pradesh,UPI,Delivered
ORD100665,CUST1110,Ankit Yadav,16-08-2028,Wireless Mouse,Electronics,1,899,10,809.1,809.1,520,289.1,Hyderabad,Telangana,Credit Card,Delivered
ORD100143,CUST1298,Rahul Chauhan,17-08-2028,Wireless Mouse,Electronics,2,899,10,809.1,1618.2,1040,578.2,Indore,Madhya Pradesh,Cash On Delivery,Delivered
ORD101367,CUST1286,Isha Singh,18-08-2028,Coffee Maker,Home & Kitchen,3,3499,20,2799.2,8397.6,6300,2097.6,Mumbai,Maharashtra,Net Banking,Delivered
ORD101286,CUST1377,Vivaan Yadav,19-08-2028,Running Shoes,Footwear,1,2999,15,2549.15,2549.15,1750,799.15,Kolkata,West Bengal,UPI,Delivered
ORD100422,CUST1215,Aarav Malhotra,20-08-2028,Smart Watch,Electronics,1,3999,15,3399.15,3399.15,2500,899.15,Noida,Uttar Pradesh,Credit Card,Delivered
ORD100637,CUST1119,Sneha Singh,21-08-2028,USB-C Hub,Electronics,2,1499,10,1349.1,2698.2,1640,1058.2,Delhi,Delhi,Net Banking,Delivered
ORD101264,CUST1420,Aarav Yadav,22-08-2028,Smart Watch,Electronics,1,3999,25,2999.25,2999.25,2500,499.25,Pune,Maharashtra,Debit Card,Delivered
ORD101793,CUST1142,Sneha Singh,23-08-2028,Wireless Mouse,Electronics,1,899,20,719.2,719.2,520,199.2,Ahmedabad,Gujarat,Net Banking,Delivered
ORD100616,CUST1387,Aarav Malhotra,24-08-2028,Bluetooth Headphones,Electronics,1,2499,10,2249.1,2249.1,1450,799.1,Chandigarh,Chandigarh,Net Banking,Delivered
ORD100295,CUST1031,Isha Malhotra,25-08-2028,Power Bank,Electronics,1,1599,30,1119.3,1119.3,900,219.3,Chennai,Tamil Nadu,Net Banking,Delivered
ORD100765,CUST1008,Pooja Malhotra,26-08-2028,Casual Sneakers,Footwear,1,2499,15,2124.15,2124.15,1400,724.15,Noida,Uttar Pradesh,Cash On Delivery,Delivered
ORD101709,CUST1359,Priya Singh,27-08-2028,Coffee Maker,Home & Kitchen,4,3499,30,2449.3,9797.2,8400,1397.2,Chennai,Tamil Nadu,Net Banking,Delivered
ORD100089,CUST1285,Neha Mehta,28-08-2028,Bluetooth Headphones,Electronics,1,2499,20,1999.2,1999.2,1450,549.2,Bengaluru,Karnataka,Credit Card,Cancelled
ORD100042,CUST1174,Nisha Yadav,29-08-2028,Cotton T-Shirt,Fashion,1,999,25,749.25,749.25,480,269.25,Hyderabad,Telangana,Debit Card,Delivered
ORD101622,CUST1134,Ankit Kumar,30-08-2028,Office Chair,Furniture,1,7499,25,5624.25,5624.25,4800,824.25,Mumbai,Maharashtra,Credit Card,Delivered
ORD101737,CUST1077,Isha Gupta,31-08-2028,Running Shoes,Footwear,4,2999,15,2549.15,10196.6,7000,3196.6,Gurugram,Haryana,Net Banking,Delivered
ORD100132,CUST1196,Pooja Verma,01-09-2028,Air Fryer,Home & Kitchen,1,5999,15,5099.15,5099.15,3800,1299.15,Gurugram,Haryana,Cash On Delivery,Returned
ORD101474,CUST1256,Nisha Malhotra,02-09-2028,Laptop Backpack,Accessories,1,1799,20,1439.2,1439.2,950,489.2,Chennai,Tamil Nadu,Debit Card,Returned
ORD100811,CUST1346,Nisha Malhotra,03-09-2028,Running Shoes,Footwear,2,2999,10,2699.1,5398.2,3500,1898.2,Indore,Madhya Pradesh,Net Banking,Delivered
ORD100924,CUST1333,Ananya Jain,04-09-2028,Running Shoes,Footwear,1,2999,20,2399.2,2399.2,1750,649.2,Indore,Madhya Pradesh,Net Banking,Delivered
ORD101669,CUST1069,Neha Sharma,05-09-2028,Notebook Set,Stationery,2,499,10,449.1,898.2,420,478.2,Chandigarh,Chandigarh,Net Banking,Delivered
ORD100974,CUST1042,Arjun Chauhan,06-09-2028,Phone Case,Accessories,1,699,15,594.15,594.15,280,314.15,Bengaluru,Karnataka,Debit Card,Delivered
ORD100165,CUST1206,Arjun Gupta,07-09-2028,Study Table,Furniture,2,5999,15,5099.15,10198.3,7200,2998.3,Noida,Uttar Pradesh,Credit Card,Delivered
ORD100725,CUST1185,Aarav Malhotra,08-09-2028,Cotton T-Shirt,Fashion,1,999,15,849.15,849.15,480,369.15,Faridabad,Haryana,Debit Card,Delivered
ORD100291,CUST1189,Pooja Malhotra,09-09-2028,Casual Sneakers,Footwear,1,2499,10,2249.1,2249.1,1400,849.1,Kolkata,West Bengal,UPI,Delivered
ORD101703,CUST1058,Priya Mehta,10-09-2028,Phone Case,Accessories,2,699,15,594.15,1188.3,560,628.3,Kolkata,West Bengal,Net Banking,Delivered
ORD100835,CUST1003,Ankit Chauhan,11-09-2028,Running Shoes,Footwear,1,2999,15,2549.15,2549.15,1750,799.15,Faridabad,Haryana,UPI,Delivered
ORD100349,CUST1157,Aditya Gupta,12-09-2028,Smart Watch,Electronics,1,3999,15,3399.15,3399.15,2500,899.15,Bengaluru,Karnataka,UPI,Returned
ORD100572,CUST1219,Ananya Yadav,13-09-2028,Wireless Mouse,Electronics,1,899,15,764.15,764.15,520,244.15,Jaipur,Rajasthan,UPI,Delivered
ORD100799,CUST1047,Riya Kumar,14-09-2028,Cotton T-Shirt,Fashion,2,999,10,899.1,1798.2,960,838.2,Indore,Madhya Pradesh,Cash On Delivery,Delivered
ORD101696,CUST1057,Ananya Singh,15-09-2028,Running Shoes,Footwear,1,2999,15,2549.15,2549.15,1750,799.15,Bengaluru,Karnataka,Cash On Delivery,Delivered
ORD100966,CUST1383,Vikram Malhotra,16-09-2028,Laptop Backpack,Accessories,1,1799,5,1709.05,1709.05,950,759.05,Pune,Maharashtra,Net Banking,Cancelled
ORD101436,CUST1116,Mohit Chauhan,17-09-2028,Hoodie,Fashion,2,1799,15,1529.15,3058.3,1800,1258.3,Ahmedabad,Gujarat,Debit Card,Delivered
ORD101757,CUST1030,Pooja Jain,18-09-2028,Smart Watch,Electronics,1,3999,5,3799.05,3799.05,2500,1299.05,Chennai,Tamil Nadu,Debit Card,Returned
ORD100840,CUST1158,Rohan Jain,19-09-2028,Cotton T-Shirt,Fashion,1,999,15,849.15,849.15,480,369.15,Lucknow,Uttar Pradesh,Debit Card,Delivered
ORD100459,CUST1418,Simran Malhotra,20-09-2028,Hoodie,Fashion,1,1799,10,1619.1,1619.1,900,719.1,Chennai,Tamil Nadu,Debit Card,Delivered
ORD100376,CUST1248,Karan Singh,21-09-2028,Hoodie,Fashion,1,1799,15,1529.15,1529.15,900,629.15,Lucknow,Uttar Pradesh,Cash On Delivery,Delivered
ORD100334,CUST1147,Nisha Kumar,22-09-2028,Laptop Backpack,Accessories,1,1799,20,1439.2,1439.2,950,489.2,Faridabad,Haryana,Credit Card,Delivered
ORD101607,CUST1063,Simran Mehta,23-09-2028,Cotton T-Shirt,Fashion,1,999,0,999,999,480,519,Ahmedabad,Gujarat,UPI,Delivered
ORD101762,CUST1426,Nisha Chauhan,24-09-2028,Phone Case,Accessories,1,699,30,489.3,489.3,280,209.3,Noida,Uttar Pradesh,Net Banking,Delivered
ORD101456,CUST1437,Aditya Verma,25-09-2028,Water Bottle,Home & Kitchen,1,799,20,639.2,639.2,350,289.2,Kolkata,West Bengal,UPI,Cancelled
ORD101704,CUST1276,Riya Kumar,26-09-2028,Denim Jeans,Fashion,1,1999,15,1699.15,1699.15,1050,649.15,Pune,Maharashtra,Credit Card,Delivered
ORD101182,CUST1159,Pooja Malhotra,27-09-2028,Notebook Set,Stationery,1,499,20,399.2,399.2,210,189.2,Bengaluru,Karnataka,UPI,Delivered
ORD101671,CUST1091,Isha Verma,28-09-2028,Hoodie,Fashion,2,1799,20,1439.2,2878.4,1800,1078.4,Pune,Maharashtra,UPI,Delivered
ORD101035,CUST1048,Simran Gupta,29-09-2028,Desk Lamp,Home & Kitchen,3,1299,5,1234.05,3702.15,1950,1752.15,Noida,Uttar Pradesh,UPI,Delivered
ORD101733,CUST1074,Aarav Gupta,30-09-2028,Notebook Set,Stationery,1,499,15,424.15,424.15,210,214.15,Hyderabad,Telangana,Debit Card,Delivered
ORD100329,CUST1067,Vivaan Mehta,01-10-2028,Mechanical Keyboard,Electronics,1,3299,20,2639.2,2639.2,1950,689.2,Kolkata,West Bengal,Debit Card,Returned
ORD101193,CUST1204,Ankit Verma,02-10-2028,Mechanical Keyboard,Electronics,1,3299,15,2804.15,2804.15,1950,854.15,Noida,Uttar Pradesh,Net Banking,Delivered
ORD100319,CUST1014,Ankit Chauhan,03-10-2028,Smart Watch,Electronics,2,3999,15,3399.15,6798.3,5000,1798.3,Indore,Madhya Pradesh,Net Banking,Cancelled
ORD101379,CUST1442,Ankit Verma,04-10-2028,Desk Lamp,Home & Kitchen,1,1299,15,1104.15,1104.15,650,454.15,Noida,Uttar Pradesh,Cash On Delivery,Returned
ORD101221,CUST1238,Neha Malhotra,05-10-2028,Casual Sneakers,Footwear,1,2499,15,2124.15,2124.15,1400,724.15,Pune,Maharashtra,Credit Card,Delivered
ORD101563,CUST1313,Neha Gupta,06-10-2028,Notebook Set,Stationery,3,499,0,499,1497,630,867,Bengaluru,Karnataka,Net Banking,Delivered
ORD100168,CUST1158,Rohan Jain,07-10-2028,Smart Watch,Electronics,1,3999,15,3399.15,3399.15,2500,899.15,Lucknow,Uttar Pradesh,Net Banking,Cancelled
ORD100013,CUST1405,Vikram Yadav,08-10-2028,Water Bottle,Home & Kitchen,1,799,10,719.1,719.1,350,369.1,Kolkata,West Bengal,Credit Card,Delivered
ORD100172,CUST1112,Pooja Gupta,09-10-2028,Running Shoes,Footwear,1,2999,15,2549.15,2549.15,1750,799.15,Lucknow,Uttar Pradesh,Net Banking,Delivered
ORD100650,CUST1221,Nisha Kumar,10-10-2028,USB-C Hub,Electronics,2,1499,10,1349.1,2698.2,1640,1058.2,Delhi,Delhi,Cash On Delivery,Delivered
ORD100261,CUST1170,Rohan Yadav,11-10-2028,USB-C Hub,Electronics,1,1499,25,1124.25,1124.25,820,304.25,Delhi,Delhi,Net Banking,Delivered
ORD101243,CUST1329,Kavya Jain,12-10-2028,Phone Case,Accessories,1,699,10,629.1,629.1,280,349.1,Noida,Uttar Pradesh,Net Banking,Delivered
ORD101616,CUST1234,Arjun Mehta,13-10-2028,Coffee Maker,Home & Kitchen,1,3499,20,2799.2,2799.2,2100,699.2,Lucknow,Uttar Pradesh,Cash On Delivery,Delivered
ORD100673,CUST1028,Mohit Sharma,14-10-2028,Casual Sneakers,Footwear,1,2499,20,1999.2,1999.2,1400,599.2,Mumbai,Maharashtra,Credit Card,Delivered
ORD100259,CUST1319,Rohan Gupta,15-10-2028,Bluetooth Headphones,Electronics,2,2499,20,1999.2,3998.4,2900,1098.4,Ahmedabad,Gujarat,Debit Card,Delivered
ORD101190,CUST1263,Rahul Kumar,16-10-2028,Notebook Set,Stationery,1,499,0,499,499,210,289,Ahmedabad,Gujarat,Debit Card,Delivered
ORD100139,CUST1433,Riya Jain,17-10-2028,Hoodie,Fashion,1,1799,5,1709.05,1709.05,900,809.05,Bengaluru,Karnataka,UPI,Delivered
ORD100550,CUST1128,Sneha Verma,18-10-2028,Desk Lamp,Home & Kitchen,1,1299,15,1104.15,1104.15,650,454.15,Mumbai,Maharashtra,Debit Card,Delivered
ORD100863,CUST1090,Isha Mehta,19-10-2028,Running Shoes,Footwear,2,2999,5,2849.05,5698.1,3500,2198.1,Lucknow,Uttar Pradesh,Cash On Delivery,Delivered
ORD101376,CUST1143,Ankit Yadav,20-10-2028,Desk Lamp,Home & Kitchen,2,1299,10,1169.1,2338.2,1300,1038.2,Bengaluru,Karnataka,Credit Card,Delivered
ORD101119,CUST1167,Rahul Chauhan,21-10-2028,Notebook Set,Stationery,1,499,20,399.2,399.2,210,189.2,Chandigarh,Chandigarh,UPI,Delivered
ORD101068,CUST1174,Nisha Yadav,22-10-2028,Air Fryer,Home & Kitchen,2,5999,0,5999,11998,7600,4398,Hyderabad,Telangana,Net Banking,Delivered
ORD100559,CUST1042,Arjun Chauhan,23-10-2028,Air Fryer,Home & Kitchen,1,5999,10,5399.1,5399.1,3800,1599.1,Bengaluru,Karnataka,Credit Card,Returned
ORD100140,CUST1084,Rahul Verma,24-10-2028,Bluetooth Headphones,Electronics,3,2499,10,2249.1,6747.3,4350,2397.3,Kolkata,West Bengal,Cash On Delivery,Returned
ORD101565,CUST1283,Simran Gupta,25-10-2028,Hoodie,Fashion,1,1799,25,1349.25,1349.25,900,449.25,Jaipur,Rajasthan,Debit Card,Delivered
ORD100532,CUST1031,Isha Malhotra,26-10-2028,Power Bank,Electronics,1,1599,0,1599,1599,900,699,Chennai,Tamil Nadu,Credit Card,Delivered
ORD100225,CUST1051,Riya Verma,27-10-2028,Mechanical Keyboard,Electronics,1,3299,10,2969.1,2969.1,1950,1019.1,Gurugram,Haryana,Debit Card,Delivered
ORD100724,CUST1089,Pooja Verma,28-10-2028,Bluetooth Headphones,Electronics,1,2499,0,2499,2499,1450,1049,Faridabad,Haryana,Debit Card,Delivered
ORD100787,CUST1336,Nisha Jain,29-10-2028,Running Shoes,Footwear,2,2999,5,2849.05,5698.1,3500,2198.1,Pune,Maharashtra,UPI,Returned
ORD100825,CUST1105,Karan Malhotra,30-10-2028,Laptop Backpack,Accessories,1,1799,15,1529.15,1529.15,950,579.15,Gurugram,Haryana,Cash On Delivery,Delivered
ORD100410,CUST1233,Aarav Yadav,31-10-2028,Hoodie,Fashion,2,1799,10,1619.1,3238.2,1800,1438.2,Lucknow,Uttar Pradesh,Debit Card,Delivered
ORD100326,CUST1445,Aarav Gupta,01-11-2028,Power Bank,Electronics,2,1599,15,1359.15,2718.3,1800,918.3,Noida,Uttar Pradesh,Debit Card,Delivered
ORD100965,CUST1160,Isha Malhotra,02-11-2028,Mechanical Keyboard,Electronics,3,3299,10,2969.1,8907.3,5850,3057.3,Mumbai,Maharashtra,UPI,Delivered
ORD100300,CUST1024,Ankit Chauhan,03-11-2028,Cotton T-Shirt,Fashion,1,999,15,849.15,849.15,480,369.15,Noida,Uttar Pradesh,UPI,Delivered
ORD101139,CUST1406,Aarav Chauhan,04-11-2028,Casual Sneakers,Footwear,1,2499,5,2374.05,2374.05,1400,974.05,Jaipur,Rajasthan,Debit Card,Delivered
ORD101183,CUST1335,Isha Verma,05-11-2028,Mechanical Keyboard,Electronics,1,3299,25,2474.25,2474.25,1950,524.25,Kolkata,West Bengal,Cash On Delivery,Delivered
ORD100940,CUST1269,Mohit Verma,06-11-2028,Smart Watch,Electronics,4,3999,0,3999,15996,10000,5996,Indore,Madhya Pradesh,Debit Card,Delivered
ORD101672,CUST1163,Nisha Gupta,07-11-2028,Running Shoes,Footwear,3,2999,10,2699.1,8097.3,5250,2847.3,Noida,Uttar Pradesh,Cash On Delivery,Delivered
ORD100715,CUST1190,Vikram Gupta,08-11-2028,Mechanical Keyboard,Electronics,2,3299,0,3299,6598,3900,2698,Noida,Uttar Pradesh,UPI,Delivered
ORD100194,CUST1040,Ananya Jain,09-11-2028,Air Fryer,Home & Kitchen,1,5999,15,5099.15,5099.15,3800,1299.15,Hyderabad,Telangana,Credit Card,Delivered
ORD100441,CUST1397,Pooja Chauhan,10-11-2028,USB-C Hub,Electronics,1,1499,10,1349.1,1349.1,820,529.1,Faridabad,Haryana,Debit Card,Delivered
ORD100574,CUST1154,Rahul Mehta,11-11-2028,Desk Lamp,Home & Kitchen,1,1299,20,1039.2,1039.2,650,389.2,Indore,Madhya Pradesh,Credit Card,Delivered
ORD100504,CUST1131,Kavya Verma,12-11-2028,Laptop Backpack,Accessories,1,1799,15,1529.15,1529.15,950,579.15,Hyderabad,Telangana,Net Banking,Delivered
ORD100606,CUST1336,Nisha Jain,13-11-2028,Desk Lamp,Home & Kitchen,1,1299,15,1104.15,1104.15,650,454.15,Pune,Maharashtra,Net Banking,Delivered
ORD101055,CUST1213,Ankit Verma,14-11-2028,Mechanical Keyboard,Electronics,1,3299,15,2804.15,2804.15,1950,854.15,Noida,Uttar Pradesh,Credit Card,Delivered
ORD101609,CUST1313,Neha Gupta,15-11-2028,Wireless Mouse,Electronics,1,899,0,899,899,520,379,Bengaluru,Karnataka,Debit Card,Delivered
ORD100004,CUST1442,Ankit Verma,16-11-2028,Mechanical Keyboard,Electronics,3,3299,10,2969.1,8907.3,5850,3057.3,Noida,Uttar Pradesh,Credit Card,Returned
ORD101042,CUST1093,Mohit Singh,17-11-2028,Running Shoes,Footwear,1,2999,20,2399.2,2399.2,1750,649.2,Noida,Uttar Pradesh,Cash On Delivery,Delivered
ORD101108,CUST1235,Arjun Yadav,18-11-2028,Wireless Mouse,Electronics,2,899,10,809.1,1618.2,1040,578.2,Kolkata,West Bengal,Debit Card,Delivered
ORD100468,CUST1117,Aarav Malhotra,19-11-2028,Mechanical Keyboard,Electronics,3,3299,20,2639.2,7917.6,5850,2067.6,Pune,Maharashtra,Net Banking,Delivered
ORD100322,CUST1220,Vivaan Kumar,20-11-2028,Cotton T-Shirt,Fashion,1,999,10,899.1,899.1,480,419.1,Hyderabad,Telangana,Net Banking,Delivered
ORD100006,CUST1385,Aditya Kumar,21-11-2028,USB-C Hub,Electronics,1,1499,5,1424.05,1424.05,820,604.05,Pune,Maharashtra,Cash On Delivery,Delivered
ORD100223,CUST1360,Rohan Mehta,22-11-2028,Notebook Set,Stationery,1,499,15,424.15,424.15,210,214.15,Ahmedabad,Gujarat,Cash On Delivery,Delivered
ORD100548,CUST1356,Sneha Mehta,23-11-2028,Water Bottle,Home & Kitchen,1,799,15,679.15,679.15,350,329.15,Gurugram,Haryana,UPI,Delivered
ORD100229,CUST1209,Nisha Verma,24-11-2028,Hoodie,Fashion,2,1799,15,1529.15,3058.3,1800,1258.3,Indore,Madhya Pradesh,Credit Card,Delivered
ORD100040,CUST1194,Vivaan Chauhan,25-11-2028,Coffee Maker,Home & Kitchen,1,3499,30,2449.3,2449.3,2100,349.3,Pune,Maharashtra,Credit Card,Delivered
ORD100543,CUST1253,Karan Singh,26-11-2028,Water Bottle,Home & Kitchen,1,799,25,599.25,599.25,350,249.25,Bengaluru,Karnataka,Debit Card,Delivered
ORD100243,CUST1191,Aarav Yadav,27-11-2028,Running Shoes,Footwear,1,2999,5,2849.05,2849.05,1750,1099.05,Hyderabad,Telangana,Cash On Delivery,Delivered
ORD101716,CUST1104,Kavya Yadav,28-11-2028,USB-C Hub,Electronics,1,1499,15,1274.15,1274.15,820,454.15,Chandigarh,Chandigarh,Net Banking,Delivered
ORD100137,CUST1030,Pooja Jain,29-11-2028,Wireless Mouse,Electronics,1,899,15,764.15,764.15,520,244.15,Chennai,Tamil Nadu,Net Banking,Delivered
ORD101079,CUST1430,Sneha Chauhan,30-11-2028,Desk Lamp,Home & Kitchen,1,1299,10,1169.1,1169.1,650,519.1,Pune,Maharashtra,Credit Card,Delivered
ORD101581,CUST1093,Mohit Singh,01-12-2028,Hoodie,Fashion,1,1799,10,1619.1,1619.1,900,719.1,Noida,Uttar Pradesh,Net Banking,Delivered
ORD101418,CUST1378,Ananya Singh,02-12-2028,Casual Sneakers,Footwear,3,2499,10,2249.1,6747.3,4200,2547.3,Lucknow,Uttar Pradesh,Credit Card,Delivered
ORD101434,CUST1416,Rohan Gupta,03-12-2028,Desk Lamp,Home & Kitchen,1,1299,0,1299,1299,650,649,Mumbai,Maharashtra,Debit Card,Delivered
ORD100830,CUST1162,Neha Yadav,04-12-2028,Coffee Maker,Home & Kitchen,1,3499,15,2974.15,2974.15,2100,874.15,Jaipur,Rajasthan,Net Banking,Delivered
ORD100446,CUST1056,Karan Malhotra,05-12-2028,Casual Sneakers,Footwear,3,2499,5,2374.05,7122.15,4200,2922.15,Kolkata,West Bengal,Cash On Delivery,Delivered
ORD100843,CUST1058,Priya Mehta,06-12-2028,Notebook Set,Stationery,1,499,15,424.15,424.15,210,214.15,Kolkata,West Bengal,Credit Card,Returned
ORD100980,CUST1028,Mohit Sharma,07-12-2028,Smart Watch,Electronics,1,3999,15,3399.15,3399.15,2500,899.15,Mumbai,Maharashtra,Cash On Delivery,Delivered
ORD101698,CUST1021,Arjun Malhotra,08-12-2028,Running Shoes,Footwear,2,2999,15,2549.15,5098.3,3500,1598.3,Chandigarh,Chandigarh,Debit Card,Delivered
ORD101074,CUST1182,Rohan Chauhan,09-12-2028,Denim Jeans,Fashion,1,1999,20,1599.2,1599.2,1050,549.2,Indore,Madhya Pradesh,Cash On Delivery,Delivered
ORD101643,CUST1352,Arjun Verma,10-12-2028,Laptop Backpack,Accessories,1,1799,15,1529.15,1529.15,950,579.15,Bengaluru,Karnataka,Net Banking,Delivered
ORD100582,CUST1021,Arjun Malhotra,11-12-2028,Air Fryer,Home & Kitchen,2,5999,10,5399.1,10798.2,7600,3198.2,Chandigarh,Chandigarh,Net Banking,Returned
ORD101589,CUST1431,Nisha Yadav,12-12-2028,Study Table,Furniture,1,5999,15,5099.15,5099.15,3600,1499.15,Bengaluru,Karnataka,UPI,Delivered
ORD101770,CUST1384,Neha Singh,13-12-2028,Power Bank,Electronics,2,1599,0,1599,3198,1800,1398,Ahmedabad,Gujarat,Debit Card,Delivered
ORD100662,CUST1168,Mohit Chauhan,14-12-2028,Bluetooth Headphones,Electronics,1,2499,15,2124.15,2124.15,1450,674.15,Kolkata,West Bengal,Credit Card,Delivered
ORD100437,CUST1124,Kavya Singh,15-12-2028,Power Bank,Electronics,2,1599,10,1439.1,2878.2,1800,1078.2,Ahmedabad,Gujarat,Net Banking,Delivered
ORD101670,CUST1234,Arjun Mehta,16-12-2028,Running Shoes,Footwear,4,2999,25,2249.25,8997,7000,1997,Lucknow,Uttar Pradesh,Debit Card,Delivered
ORD100377,CUST1247,Kavya Jain,17-12-2028,Water Bottle,Home & Kitchen,1,799,10,719.1,719.1,350,369.1,Hyderabad,Telangana,Debit Card,Delivered
ORD101330,CUST1092,Mohit Jain,18-12-2028,Wireless Mouse,Electronics,1,899,11,809.1,809.1,520,289.1,Chennai,Tamil Nadu,Cash On Delivery,Delivered
ORD100315,CUST1085,Rahul Sharma,19-12-2028,Laptop Backpack,Accessories,1,1799,15,1529.15,1529.15,950,579.15,Chennai,Tamil Nadu,Credit Card,Delivered
ORD100443,CUST1149,Riya Singh,20-12-2028,USB-C Hub,Electronics,1,1499,25,1124.25,1124.25,820,304.25,Jaipur,Haryana,UPI,Delivered
ORD101038,CUST1212,Kavya Mehta,21-12-2028,Study Table,Furniture,1,5999,15,5099.15,5099.15,3600,1499.15,Faridabad,Haryana,Net Banking,Delivered
ORD100320,CUST1270,Priya Sharma,22-12-2028,Study Table,Furniture,1,5999,20,4799.2,4799.2,3600,1199.2,Chandigarh,Chandigarh,Cash On Delivery,Cancelled
ORD100282,CUST1182,Rohan Chauhan,23-12-2028,Casual Sneakers,Footwear,1,2499,15,2124.15,2124.15,1400,724.15,Indore,Madhya Pradesh,UPI,Delivered
ORD100933,CUST1127,Arjun Kumar,24-12-2028,Air Fryer,Home & Kitchen,2,5999,15,5099.15,10198.3,7600,2598.3,Gurugram,Haryana,Cash On Delivery,Delivered
ORD101358,CUST1245,Kavya Jain,25-12-2028,Denim Jeans,Fashion,1,1999,0,1999,1999,1050,949,Mumbai,Maharashtra,Cash On Delivery,Returned
ORD101604,CUST1353,Aditya Mehta,26-12-2028,Hoodie,Fashion,1,1799,0,1799,1799,900,899,Gurugram,Haryana,UPI,Delivered
ORD100425,CUST1037,Mohit Verma,27-12-2028,Office Chair,Furniture,2,7499,10,6749.1,13498.2,9600,3898.2,Noida,Uttar Pradesh,Net Banking,Delivered
ORD100554,CUST1143,Ankit Yadav,28-12-2028,Mechanical Keyboard,Electronics,1,3299,0,3299,3299,1950,1349,Bengaluru,Karnataka,Credit Card,Cancelled
ORD100595,CUST1303,Riya Mehta,29-12-2028,Air Fryer,Home & Kitchen,1,5999,10,5399.1,5399.1,3800,1599.1,Indore,Madhya Pradesh,Credit Card,Cancelled
ORD101764,CUST1272,Arjun Verma,30-12-2028,Casual Sneakers,Footwear,3,2499,20,1999.2,5997.6,4200,1797.6,Kolkata,West Bengal,Debit Card,Delivered
ORD100369,CUST1143,Ankit Yadav,31-12-2028,Notebook Set,Stationery,1,499,10,449.1,449.1,210,239.1,Bengaluru,Karnataka,Debit Card,Delivered
ORD101252,CUST1316,Pooja Kumar,01-01-2029,USB-C Hub,Electronics,2,1499,15,1274.15,2548.3,1640,908.3,Gurugram,Haryana,Net Banking,Delivered
ORD101179,CUST1420,Aarav Yadav,02-01-2029,Water Bottle,Home & Kitchen,1,799,15,679.15,679.15,350,329.15,Pune,Maharashtra,Net Banking,Cancelled
ORD101424,CUST1164,Rohan Sharma,03-01-2029,Coffee Maker,Home & Kitchen,1,3499,5,3324.05,3324.05,2100,1224.05,Jaipur,Rajasthan,Debit Card,Delivered
ORD101457,CUST1367,Isha Malhotra,04-01-2029,Water Bottle,Home & Kitchen,1,799,10,719.1,719.1,350,369.1,Delhi,Delhi,UPI,Returned
ORD101442,CUST1057,Ananya Singh,05-01-2029,Mechanical Keyboard,Electronics,1,3299,10,2969.1,2969.1,1950,1019.1,Bengaluru,Karnataka,Net Banking,Delivered
ORD100228,CUST1449,Priya Sharma,06-01-2029,USB-C Hub,Electronics,1,1499,20,1199.2,1199.2,820,379.2,Lucknow,Uttar Pradesh,Credit Card,Delivered
ORD101001,CUST1281,Priya Sharma,07-01-2029,Power Bank,Electronics,1,1599,15,1359.15,1359.15,900,459.15,Kolkata,West Bengal,Net Banking,Delivered
ORD101091,CUST1112,Pooja Gupta,08-01-2029,Running Shoes,Footwear,1,2999,0,2999,2999,1750,1249,Lucknow,Uttar Pradesh,Debit Card,Delivered
ORD101621,CUST1030,Pooja Jain,09-01-2029,Laptop Backpack,Accessories,1,1799,20,1439.2,1439.2,950,489.2,Chennai,Tamil Nadu,Cash On Delivery,Delivered
ORD100964,CUST1226,Nisha Yadav,10-01-2029,Running Shoes,Footwear,2,2999,10,2699.1,5398.2,3500,1898.2,Ahmedabad,Gujarat,Credit Card,Cancelled
ORD100067,CUST1224,Rahul Yadav,11-01-2029,Casual Sneakers,Footwear,3,2499,10,2249.1,6747.3,4200,2547.3,Faridabad,Haryana,Net Banking,Delivered
ORD100394,CUST1321,Sneha Yadav,12-01-2029,Coffee Maker,Home & Kitchen,2,3499,15,2974.15,5948.3,4200,1748.3,Kolkata,West Bengal,Cash On Delivery,Delivered
ORD100580,CUST1081,Nisha Jain,13-01-2029,Air Fryer,Home & Kitchen,1,5999,10,5399.1,5399.1,3800,1599.1,Chennai,Tamil Nadu,Debit Card,Delivered
ORD100025,CUST1332,Aarav Gupta,14-01-2029,Running Shoes,Footwear,1,2999,5,2849.05,2849.05,1750,1099.05,Lucknow,Uttar Pradesh,Net Banking,Delivered
ORD100212,CUST1188,Simran Sharma,15-01-2029,Power Bank,Electronics,1,1599,20,1279.2,1279.2,900,379.2,Indore,Madhya Pradesh,Credit Card,Cancelled
ORD101385,CUST1426,Nisha Chauhan,16-01-2029,Desk Lamp,Home & Kitchen,1,1299,15,1104.15,1104.15,650,454.15,Noida,Uttar Pradesh,Debit Card,Delivered
ORD100145,CUST1422,Isha Sharma,17-01-2029,Laptop Backpack,Accessories,1,1799,25,1349.25,1349.25,950,399.25,Mumbai,Maharashtra,Debit Card,Delivered
ORD100537,CUST1135,Neha Mehta,18-01-2029,Casual Sneakers,Footwear,1,2499,15,2124.15,2124.15,1400,724.15,Delhi,Delhi,Net Banking,Delivered
ORD100812,CUST1073,Nisha Chauhan,19-01-2029,Running Shoes,Footwear,3,2999,10,2699.1,8097.3,5250,2847.3,Hyderabad,Telangana,Credit Card,Returned
ORD101007,CUST1041,Isha Singh,20-01-2029,Cotton T-Shirt,Fashion,3,999,20,799.2,2397.6,1440,957.6,Jaipur,Rajasthan,UPI,Delivered
ORD100926,CUST1333,Ananya Jain,21-01-2029,Office Chair,Furniture,1,7499,20,5999.2,5999.2,4800,1199.2,Indore,Madhya Pradesh,Credit Card,Delivered
ORD100086,CUST1165,Aditya Mehta,22-01-2029,Wireless Mouse,Electronics,1,899,20,719.2,719.2,520,199.2,Lucknow,Uttar Pradesh,Cash On Delivery,Delivered
ORD101623,CUST1062,Sneha Singh,23-01-2029,USB-C Hub,Electronics,1,1499,15,1274.15,1274.15,820,454.15,Bengaluru,Karnataka,Credit Card,Delivered
ORD100273,CUST1044,Vivaan Kumar,24-01-2029,Air Fryer,Home & Kitchen,3,5999,0,5999,17997,11400,6597,Hyderabad,Telangana,Net Banking,Delivered
ORD101162,CUST1313,Neha Gupta,25-01-2029,Air Fryer,Home & Kitchen,1,5999,20,4799.2,4799.2,3800,999.2,Bengaluru,Karnataka,Net Banking,Returned
ORD101445,CUST1354,Aarav Mehta,26-01-2029,Water Bottle,Home & Kitchen,1,799,0,799,799,350,449,Lucknow,Uttar Pradesh,Cash On Delivery,Delivered
ORD101106,CUST1024,Ankit Chauhan,27-01-2029,Hoodie,Fashion,1,1799,15,1529.15,1529.15,900,629.15,Noida,Uttar Pradesh,UPI,Delivered
ORD101625,CUST1170,Rohan Yadav,28-01-2029,Office Chair,Furniture,1,7499,15,6374.15,6374.15,4800,1574.15,Delhi,Delhi,UPI,Delivered
ORD100631,CUST1166,Priya Kumar,29-01-2029,Hoodie,Fashion,1,1799,10,1619.1,1619.1,900,719.1,Pune,Maharashtra,Cash On Delivery,Delivered
ORD101235,CUST1355,Mohit Singh,30-01-2029,Bluetooth Headphones,Electronics,1,2499,10,2249.1,2249.1,1450,799.1,Kolkata,West Bengal,Credit Card,Returned
ORD101683,CUST1007,Pooja Malhotra,31-01-2029,Bluetooth Headphones,Electronics,1,2499,20,1999.2,1999.2,1450,549.2,Bengaluru,Karnataka,Debit Card,Delivered
ORD100916,CUST1042,Arjun Chauhan,01-02-2029,Denim Jeans,Fashion,1,1999,10,1799.1,1799.1,1050,749.1,Bengaluru,Karnataka,Cash On Delivery,Delivered
ORD101234,CUST1327,Rohan Chauhan,02-02-2029,Coffee Maker,Home & Kitchen,4,3499,20,2799.2,11196.8,8400,2796.8,Gurugram,Haryana,Credit Card,Delivered
ORD101037,CUST1281,Priya Sharma,03-02-2029,Notebook Set,Stationery,1,499,15,424.15,424.15,210,214.15,Kolkata,West Bengal,Debit Card,Delivered
ORD100506,CUST1242,Karan Malhotra,04-02-2029,Air Fryer,Home & Kitchen,3,5999,25,4499.25,13497.75,11400,2097.75,Pune,Maharashtra,Net Banking,Returned
ORD100274,CUST1407,Sneha Gupta,05-02-2029,Mechanical Keyboard,Electronics,2,3299,15,2804.15,5608.3,3900,1708.3,Faridabad,Haryana,Cash On Delivery,Returned
ORD101198,CUST1189,Pooja Malhotra,06-02-2029,Running Shoes,Footwear,3,2999,5,2849.05,8547.15,5250,3297.15,Kolkata,West Bengal,Cash On Delivery,Delivered
ORD101597,CUST1136,Karan Sharma,07-02-2029,USB-C Hub,Electronics,1,1499,15,1274.15,1274.15,820,454.15,Lucknow,Uttar Pradesh,Debit Card,Delivered
ORD100363,CUST1385,Aditya Kumar,08-02-2029,Casual Sneakers,Footwear,2,2499,20,1999.2,3998.4,2800,1198.4,Pune,Maharashtra,UPI,Delivered
ORD101454,CUST1438,Sneha Mehta,09-02-2029,Laptop Backpack,Accessories,1,1799,15,1529.15,1529.15,950,579.15,Mumbai,Maharashtra,Debit Card,Delivered
ORD100623,CUST1310,Vivaan Verma,10-02-2029,Power Bank,Electronics,3,1599,5,1519.05,4557.15,2700,1857.15,Indore,Madhya Pradesh,Credit Card,Delivered
ORD100003,CUST1397,Pooja Chauhan,11-02-2029,Running Shoes,Footwear,1,2999,25,2249.25,2249.25,1750,499.25,Faridabad,Haryana,Net Banking,Delivered
ORD100007,CUST1028,Mohit Sharma,12-02-2029,Office Chair,Furniture,2,7499,20,5999.2,11998.4,9600,2398.4,Mumbai,Maharashtra,Debit Card,Delivered
ORD101002,CUST1378,Ananya Singh,13-02-2029,Desk Lamp,Home & Kitchen,1,1299,5,1234.05,1234.05,650,584.05,Lucknow,Uttar Pradesh,Debit Card,Delivered
ORD100312,CUST1047,Riya Kumar,14-02-2029,Running Shoes,Footwear,2,2999,5,2849.05,5698.1,3500,2198.1,Indore,Madhya Pradesh,Cash On Delivery,Delivered
ORD101218,CUST1436,Mohit Gupta,15-02-2029,Wireless Mouse,Electronics,1,899,25,674.25,674.25,520,154.25,Indore,Madhya Pradesh,Net Banking,Delivered
ORD100927,CUST1162,Neha Yadav,16-02-2029,Study Table,Furniture,4,5999,10,5399.1,21596.4,14400,7196.4,Jaipur,Rajasthan,UPI,Delivered
ORD100666,CUST1291,Vivaan Chauhan,17-02-2029,Coffee Maker,Home & Kitchen,1,3499,20,2799.2,2799.2,2100,699.2,Bengaluru,Karnataka,Credit Card,Delivered
ORD100365,CUST1292,Aditya Sharma,18-02-2029,Hoodie,Fashion,1,1799,5,1709.05,1709.05,900,809.05,Mumbai,Maharashtra,Cash On Delivery,Delivered
ORD101773,CUST1376,Nisha Verma,19-02-2029,Casual Sneakers,Footwear,2,2499,10,2249.1,4498.2,2800,1698.2,Jaipur,Rajasthan,Net Banking,Delivered
ORD100216,CUST1028,Mohit Sharma,20-02-2029,Study Table,Furniture,1,5999,20,4799.2,4799.2,3600,1199.2,Mumbai,Maharashtra,Cash On Delivery,Delivered
ORD101739,CUST1016,Mohit Gupta,21-02-2029,Mechanical Keyboard,Electronics,2,3299,20,2639.2,5278.4,3900,1378.4,Bengaluru,Karnataka,Net Banking,Delivered
ORD100028,CUST1120,Rahul Jain,22-02-2029,Wireless Mouse,Electronics,1,899,30,629.3,629.3,520,109.3,Gurugram,Haryana,Debit Card,Delivered
ORD101573,CUST1286,Isha Singh,23-02-2029,USB-C Hub,Electronics,1,1499,25,1124.25,1124.25,820,304.25,Mumbai,Maharashtra,UPI,Delivered
ORD100526,CUST1062,Sneha Singh,24-02-2029,Power Bank,Electronics,1,1599,10,1439.1,1439.1,900,539.1,Bengaluru,Karnataka,Cash On Delivery,Delivered
ORD101651,CUST1279,Pooja Chauhan,25-02-2029,Denim Jeans,Fashion,2,1999,25,1499.25,2998.5,2100,898.5,Faridabad,Haryana,Credit Card,Delivered
ORD100947,CUST1177,Karan Singh,26-02-2029,Coffee Maker,Home & Kitchen,1,3499,5,3324.05,3324.05,2100,1224.05,Jaipur,Rajasthan,Credit Card,Delivered
ORD100639,CUST1250,Isha Singh,27-02-2029,Running Shoes,Footwear,1,2999,10,2699.1,2699.1,1750,949.1,Ahmedabad,Gujarat,Net Banking,Delivered
ORD100303,CUST1252,Nisha Chauhan,28-02-2029,Laptop Backpack,Accessories,2,1799,15,1529.15,3058.3,1900,1158.3,Hyderabad,Telangana,Credit Card,Returned
ORD100719,CUST1318,Arjun Jain,01-03-2029,Hoodie,Fashion,1,1799,20,1439.2,1439.2,900,539.2,Jaipur,Rajasthan,Net Banking,Delivered
ORD100692,CUST1288,Aarav Kumar,02-03-2029,Coffee Maker,Home & Kitchen,2,3499,10,3149.1,6298.2,4200,2098.2,Chennai,Tamil Nadu,Debit Card,Delivered
ORD101717,CUST1088,Sneha Singh,03-03-2029,USB-C Hub,Electronics,1,1499,25,1124.25,1124.25,820,304.25,Mumbai,Maharashtra,Credit Card,Delivered
ORD101224,CUST1158,Rohan Jain,04-03-2029,Casual Sneakers,Footwear,1,2499,20,1999.2,1999.2,1400,599.2,Lucknow,Uttar Pradesh,Debit Card,Delivered
ORD100625,CUST1054,Kavya Jain,05-03-2029,Water Bottle,Home & Kitchen,2,799,20,639.2,1278.4,700,578.4,Bengaluru,Karnataka,Debit Card,Delivered
ORD100008,CUST1428,Karan Chauhan,06-03-2029,Phone Case,Accessories,2,699,20,559.2,1118.4,560,558.4,Gurugram,Haryana,Cash On Delivery,Delivered
ORD100257,CUST1105,Karan Malhotra,07-03-2029,Phone Case,Accessories,1,699,0,699,699,280,419,Gurugram,Haryana,Cash On Delivery,Delivered
ORD100804,CUST1003,Ankit Chauhan,08-03-2029,Denim Jeans,Fashion,1,1999,20,1599.2,1599.2,1050,549.2,Faridabad,Haryana,Cash On Delivery,Delivered
ORD100026,CUST1136,Karan Sharma,09-03-2029,Coffee Maker,Home & Kitchen,1,3499,25,2624.25,2624.25,2100,524.25,Lucknow,Uttar Pradesh,Debit Card,Delivered
ORD100337,CUST1129,Sneha Verma,10-03-2029,Air Fryer,Home & Kitchen,1,5999,15,5099.15,5099.15,3800,1299.15,Chennai,Tamil Nadu,Cash On Delivery,Delivered
ORD100573,CUST1135,Neha Mehta,11-03-2029,Air Fryer,Home & Kitchen,1,5999,15,5099.15,5099.15,3800,1299.15,Delhi,Delhi,UPI,Delivered
ORD100048,CUST1141,Karan Singh,12-03-2029,Air Fryer,Home & Kitchen,3,5999,25,4499.25,13497.75,11400,2097.75,Jaipur,Rajasthan,Cash On Delivery,Returned
ORD101332,CUST1264,Isha Verma,13-03-2029,USB-C Hub,Electronics,3,1499,10,1349.1,4047.3,2460,1587.3,Hyderabad,Telangana,Net Banking,Delivered
ORD100107,CUST1239,Riya Sharma,14-03-2029,Wireless Mouse,Electronics,1,899,15,764.15,764.15,520,244.15,Lucknow,Uttar Pradesh,Credit Card,Delivered
ORD100350,CUST1344,Ankit Mehta,15-03-2029,Smart Watch,Electronics,1,3999,20,3199.2,3199.2,2500,699.2,Hyderabad,Telangana,UPI,Returned
ORD100056,CUST1241,Karan Chauhan,16-03-2029,Hoodie,Fashion,1,1799,10,1619.1,1619.1,900,719.1,Chandigarh,Chandigarh,UPI,Returned
ORD100239,CUST1325,Nisha Chauhan,17-03-2029,Desk Lamp,Home & Kitchen,3,1299,5,1234.05,3702.15,1950,1752.15,Bengaluru,Karnataka,Debit Card,Cancelled
ORD100214,CUST1360,Rohan Mehta,18-03-2029,USB-C Hub,Electronics,1,1499,0,1499,1499,820,679,Ahmedabad,Gujarat,Cash On Delivery,Delivered
ORD100121,CUST1295,Riya Chauhan,19-03-2029,Running Shoes,Footwear,1,2999,5,2849.05,2849.05,1750,1099.05,Hyderabad,Telangana,Cash On Delivery,Delivered
ORD101133,CUST1391,Simran Jain,20-03-2029,Casual Sneakers,Footwear,1,2499,10,2249.1,2249.1,1400,849.1,Faridabad,Haryana,UPI,Delivered
ORD101031,CUST1224,Rahul Yadav,21-03-2029,Laptop Backpack,Accessories,2,1799,10,1619.1,3238.2,1900,1338.2,Faridabad,Haryana,Debit Card,Delivered
ORD100794,CUST1247,Kavya Jain,22-03-2029,USB-C Hub,Electronics,1,1499,15,1274.15,1274.15,820,454.15,Hyderabad,Telangana,UPI,Delivered
ORD100073,CUST1086,Aditya Sharma,23-03-2029,Study Table,Furniture,1,5999,10,5399.1,5399.1,3600,1799.1,Kolkata,West Bengal,Debit Card,Delivered
ORD100923,CUST1353,Aditya Mehta,24-03-2029,Smart Watch,Electronics,2,3999,15,3399.15,6798.3,5000,1798.3,Gurugram,Haryana,Credit Card,Delivered
ORD100813,CUST1172,Neha Mehta,25-03-2029,Coffee Maker,Home & Kitchen,2,3499,0,3499,6998,4200,2798,Faridabad,Haryana,UPI,Delivered
ORD101555,CUST1349,Pooja Mehta,26-03-2029,Wireless Mouse,Electronics,1,899,15,764.15,764.15,520,244.15,Mumbai,Maharashtra,UPI,Delivered
ORD100078,CUST1347,Isha Yadav,27-03-2029,Phone Case,Accessories,1,699,10,629.1,629.1,280,349.1,Ahmedabad,Gujarat,Net Banking,Delivered
ORD100945,CUST1278,Nisha Mehta,28-03-2029,Cotton T-Shirt,Fashion,1,999,10,899.1,899.1,480,419.1,Noida,Uttar Pradesh,Net Banking,Delivered
ORD101297,CUST1065,Ananya Jain,29-03-2029,Coffee Maker,Home & Kitchen,2,3499,25,2624.25,5248.5,4200,1048.5,Indore,Madhya Pradesh,UPI,Delivered
ORD100046,CUST1026,Kavya Verma,30-03-2029,Denim Jeans,Fashion,1,1999,0,1999,1999,1050,949,Indore,Madhya Pradesh,Debit Card,Returned
ORD101510,CUST1427,Nisha Gupta,31-03-2029,Running Shoes,Footwear,2,2999,10,2699.1,5398.2,3500,1898.2,Jaipur,Rajasthan,Cash On Delivery,Delivered
ORD100524,CUST1209,Nisha Verma,01-04-2029,Casual Sneakers,Footwear,2,2499,15,2124.15,4248.3,2800,1448.3,Indore,Madhya Pradesh,Debit Card,Delivered
ORD100233,CUST1065,Ananya Jain,02-04-2029,Bluetooth Headphones,Electronics,1,2499,10,2249.1,2249.1,1450,799.1,Indore,Madhya Pradesh,Net Banking,Delivered
ORD100645,CUST1428,Karan Chauhan,03-04-2029,Study Table,Furniture,1,5999,10,5399.1,5399.1,3600,1799.1,Gurugram,Haryana,UPI,Delivered
ORD101323,CUST1080,Priya Malhotra,04-04-2029,Power Bank,Electronics,2,1599,5,1519.05,3038.1,1800,1238.1,Chennai,Tamil Nadu,Debit Card,Delivered
ORD101359,CUST1159,Pooja Malhotra,05-04-2029,Wireless Mouse,Electronics,1,899,5,854.05,854.05,520,334.05,Bengaluru,Karnataka,Net Banking,Delivered
ORD101080,CUST1151,Vikram Chauhan,06-04-2029,Power Bank,Electronics,1,1599,0,1599,1599,900,699,Hyderabad,Telangana,UPI,Delivered
ORD100534,CUST1085,Rahul Sharma,07-04-2029,Running Shoes,Footwear,2,2999,5,2849.05,5698.1,3500,2198.1,Chennai,Tamil Nadu,UPI,Delivered
ORD101557,CUST1226,Nisha Yadav,08-04-2029,Bluetooth Headphones,Electronics,3,2499,25,1874.25,5622.75,4350,1272.75,Ahmedabad,Gujarat,Net Banking,Delivered
ORD101360,CUST1153,Priya Verma,09-04-2029,Laptop Backpack,Accessories,2,1799,10,1619.1,3238.2,1900,1338.2,Hyderabad,Telangana,Debit Card,Delivered
ORD100604,CUST1309,Rohan Gupta,10-04-2029,Wireless Mouse,Electronics,1,899,5,854.05,854.05,520,334.05,Mumbai,Maharashtra,Debit Card,Delivered
ORD100466,CUST1279,Pooja Chauhan,11-04-2029,Notebook Set,Stationery,1,499,10,449.1,449.1,210,239.1,Faridabad,Haryana,Net Banking,Delivered
ORD101533,CUST1129,Sneha Verma,12-04-2029,Water Bottle,Home & Kitchen,2,799,5,759.05,1518.1,700,818.1,Chennai,Tamil Nadu,Debit Card,Delivered
ORD100789,CUST1249,Aditya Kumar,13-04-2029,Mechanical Keyboard,Electronics,1,3299,15,2804.15,2804.15,1950,854.15,Jaipur,Rajasthan,Debit Card,Delivered
ORD101527,CUST1375,Rahul Verma,14-04-2029,Smart Watch,Electronics,2,3999,15,3399.15,6798.3,5000,1798.3,Lucknow,Uttar Pradesh,Credit Card,Returned
ORD101262,CUST1282,Mohit Verma,15-04-2029,Phone Case,Accessories,3,699,10,629.1,1887.3,840,1047.3,Chandigarh,Chandigarh,Net Banking,Delivered
ORD101199,CUST1324,Mohit Mehta,16-04-2029,Coffee Maker,Home & Kitchen,2,3499,15,2974.15,5948.3,4200,1748.3,Kolkata,West Bengal,UPI,Cancelled
ORD100061,CUST1412,Aditya Jain,17-04-2029,Study Table,Furniture,1,5999,10,5399.1,5399.1,3600,1799.1,Pune,Maharashtra,Debit Card,Delivered
ORD101177,CUST1063,Simran Mehta,18-04-2029,Casual Sneakers,Footwear,2,2499,5,2374.05,4748.1,2800,1948.1,Ahmedabad,Gujarat,Cash On Delivery,Delivered
ORD101714,CUST1003,Ankit Chauhan,19-04-2029,Mechanical Keyboard,Electronics,1,3299,0,3299,3299,1950,1349,Faridabad,Haryana,Credit Card,Delivered
ORD100093,CUST1145,Priya Singh,20-04-2029,Running Shoes,Footwear,1,2999,10,2699.1,2699.1,1750,949.1,Jaipur,Rajasthan,UPI,Delivered
ORD100667,CUST1256,Nisha Malhotra,21-04-2029,Laptop Backpack,Accessories,1,1799,5,1709.05,1709.05,950,759.05,Chennai,Tamil Nadu,UPI,Delivered
ORD100986,CUST1442,Ankit Verma,22-04-2029,Hoodie,Fashion,1,1799,25,1349.25,1349.25,900,449.25,Noida,Haryana,Cash On Delivery,Delivered
ORD101674,CUST1409,Aarav Verma,23-04-2029,Smart Watch,Electronics,1,3999,10,3599.1,3599.1,2500,1099.1,Bengaluru,Karnataka,Net Banking,Delivered
ORD100195,CUST1182,Rohan Chauhan,24-04-2029,Denim Jeans,Electronics,1,1999,20,1599.2,1599.2,1050,549.2,Indore,Madhya Pradesh,Cash On Delivery,Delivered
ORD100281,CUST1149,Riya Singh,25-04-2029,Hoodie,Fashion,4,1799,5,1709.05,6836.2,3600,3236.2,Jaipur,Rajasthan,Credit Card,Delivered
ORD100696,CUST1444,Vivaan Verma,26-04-2029,USB-C Hub,Electronics,1,1499,10,1349.1,1349.1,820,529.1,Chennai,Tamil Nadu,Debit Card,Delivered
ORD100991,CUST1396,Vivaan Singh,27-04-2029,Study Table,Furniture,2,5999,20,4799.2,9598.4,7200,2398.4,Hyderabad,Telangana,UPI,Delivered
ORD100360,CUST1328,Ananya Mehta,28-04-2029,Cotton T-Shirt,Fashion,2,999,20,799.2,1598.4,960,638.4,Indore,Madhya Pradesh,Debit Card,Delivered
ORD101560,CUST1138,Ankit Singh,29-04-2029,Cotton T-Shirt,Fashion,2,999,10,899.1,1798.2,960,838.2,Delhi,Delhi,UPI,Delivered
ORD100520,CUST1423,Aarav Sharma,30-04-2029,Phone Case,Accessories,1,699,15,594.15,594.15,280,314.15,Chennai,Tamil Nadu,Net Banking,Delivered
ORD101294,CUST1272,Arjun Verma,01-05-2029,Cotton T-Shirt,Fashion,2,999,20,799.2,1598.4,960,638.4,Kolkata,West Bengal,UPI,Cancelled
ORD101205,CUST1012,Arjun Yadav,02-05-2029,Mechanical Keyboard,Electronics,1,3299,5,3134.05,3134.05,1950,1184.05,Noida,Uttar Pradesh,Net Banking,Delivered
ORD101357,CUST1128,Sneha Verma,03-05-2029,Hoodie,Fashion,2,1799,20,1439.2,2878.4,1800,1078.4,Mumbai,Maharashtra,Credit Card,Delivered
ORD101619,CUST1335,Isha Verma,04-05-2029,Cotton T-Shirt,Fashion,2,999,30,699.3,1398.6,960,438.6,Kolkata,Uttar Pradesh,Debit Card,Delivered
ORD100848,CUST1360,Rohan Mehta,05-05-2029,Smart Watch,Electronics,1,3999,10,3599.1,3599.1,2500,1099.1,Ahmedabad,Gujarat,Cash On Delivery,Delivered
ORD100183,CUST1284,Rohan Gupta,06-05-2029,Power Bank,Electronics,1,1599,15,1359.15,1359.15,900,459.15,Bengaluru,Karnataka,Credit Card,Delivered
ORD101229,CUST1180,Vivaan Malhotra,07-05-2029,Laptop Backpack,Accessories,2,1799,5,1709.05,3418.1,1900,1518.1,Ahmedabad,Gujarat,UPI,Returned
ORD101789,CUST1069,Neha Sharma,08-05-2029,Cotton T-Shirt,Fashion,1,999,0,999,999,480,519,Chandigarh,Chandigarh,Debit Card,Delivered
ORD100111,CUST1378,Ananya Singh,09-05-2029,Desk Lamp,Home & Kitchen,1,1299,15,1104.15,1104.15,650,454.15,Lucknow,Uttar Pradesh,Cash On Delivery,Delivered
ORD101103,CUST1040,Ananya Jain,10-05-2029,Coffee Maker,Home & Kitchen,2,3499,10,3149.1,6298.2,4200,2098.2,Hyderabad,Telangana,Net Banking,Delivered
ORD101335,CUST1328,Ananya Mehta,11-05-2029,Hoodie,Fashion,1,1799,15,1529.15,1529.15,900,629.15,Indore,Madhya Pradesh,Credit Card,Delivered
ORD101107,CUST1380,Aditya Malhotra,12-05-2029,Water Bottle,Home & Kitchen,1,799,10,719.1,719.1,350,369.1,Ahmedabad,Gujarat,UPI,Cancelled
ORD100043,CUST1153,Priya Verma,13-05-2029,Casual Sneakers,Footwear,1,2499,5,2374.05,2374.05,1400,974.05,Hyderabad,Telangana,UPI,Delivered
ORD100747,CUST1408,Kavya Chauhan,14-05-2029,Office Chair,Furniture,3,7499,10,6749.1,20247.3,14400,5847.3,Faridabad,Haryana,Cash On Delivery,Delivered
ORD100126,CUST1389,Ankit Verma,15-05-2029,USB-C Hub,Electronics,1,1499,20,1199.2,1199.2,820,379.2,Gurugram,Haryana,Credit Card,Delivered
ORD100205,CUST1114,Riya Mehta,16-05-2029,Hoodie,Fashion,1,1799,20,1439.2,1439.2,900,539.2,Mumbai,Maharashtra,Cash On Delivery,Delivered
ORD101308,CUST1259,Simran Sharma,17-05-2029,Hoodie,Fashion,2,1799,15,1529.15,3058.3,1800,1258.3,Pune,Maharashtra,Net Banking,Delivered
ORD100053,CUST1020,Karan Jain,18-05-2029,USB-C Hub,Electronics,3,1499,5,1424.05,4272.15,2460,1812.15,Kolkata,West Bengal,Cash On Delivery,Delivered
ORD101402,CUST1172,Neha Mehta,19-05-2029,Phone Case,Accessories,2,699,10,629.1,1258.2,560,698.2,Faridabad,Haryana,Cash On Delivery,Delivered
ORD100546,CUST1384,Neha Singh,20-05-2029,Bluetooth Headphones,Electronics,2,2499,15,2124.15,4248.3,2900,1348.3,Ahmedabad,Gujarat,Cash On Delivery,Cancelled
ORD100069,CUST1251,Aditya Jain,21-05-2029,Laptop Backpack,Accessories,2,1799,20,1439.2,2878.4,1900,978.4,Pune,Maharashtra,UPI,Delivered
ORD101095,CUST1310,Vivaan Verma,22-05-2029,Water Bottle,Home & Kitchen,2,799,10,719.1,1438.2,700,738.2,Indore,Madhya Pradesh,Cash On Delivery,Delivered
ORD101748,CUST1299,Ananya Malhotra,23-05-2029,Running Shoes,Footwear,1,2999,10,2699.1,2699.1,1750,949.1,Ahmedabad,Gujarat,Cash On Delivery,Cancelled
ORD100508,CUST1283,Simran Gupta,24-05-2029,Casual Sneakers,Footwear,2,2499,20,1999.2,3998.4,2800,1198.4,Jaipur,Rajasthan,Debit Card,Delivered
ORD101394,CUST1040,Ananya Jain,25-05-2029,Wireless Mouse,Electronics,3,899,10,809.1,2427.3,1560,867.3,Hyderabad,Telangana,Net Banking,Delivered
ORD100330,CUST1380,Aditya Malhotra,26-05-2029,Wireless Mouse,Electronics,1,899,10,809.1,809.1,520,289.1,Ahmedabad,Gujarat,UPI,Delivered
ORD101048,CUST1324,Mohit Mehta,27-05-2029,Phone Case,Accessories,1,699,15,594.15,594.15,280,314.15,Kolkata,West Bengal,Credit Card,Delivered
ORD100184,CUST1101,Vikram Yadav,28-05-2029,Laptop Backpack,Accessories,1,1799,25,1349.25,1349.25,950,399.25,Ahmedabad,Gujarat,Debit Card,Cancelled
ORD100138,CUST1282,Mohit Verma,29-05-2029,Water Bottle,Home & Kitchen,1,799,15,679.15,679.15,350,329.15,Chandigarh,Chandigarh,UPI,Delivered
ORD100900,CUST1289,Isha Mehta,30-05-2029,Coffee Maker,Home & Kitchen,2,3499,20,2799.2,5598.4,4200,1398.4,Chennai,Tamil Nadu,UPI,Delivered
ORD100797,CUST1357,Pooja Malhotra,31-05-2029,Desk Lamp,Home & Kitchen,3,1299,5,1234.05,3702.15,1950,1752.15,Faridabad,Haryana,Debit Card,Delivered
ORD100133,CUST1357,Pooja Malhotra,01-06-2029,Desk Lamp,Home & Kitchen,1,1299,15,1104.15,1104.15,650,454.15,Faridabad,Haryana,Cash On Delivery,Delivered
ORD100081,CUST1148,Priya Mehta,02-06-2029,Running Shoes,Footwear,1,2999,15,2549.15,2549.15,1750,799.15,Kolkata,West Bengal,Net Banking,Delivered
ORD101451,CUST1036,Kavya Verma,03-06-2029,Laptop Backpack,Accessories,1,1799,10,1619.1,1619.1,950,669.1,Indore,Madhya Pradesh,UPI,Delivered
ORD100542,CUST1015,Priya Singh,04-06-2029,Mechanical Keyboard,Electronics,2,3299,25,2474.25,4948.5,3900,1048.5,Chennai,Tamil Nadu,Debit Card,Delivered
ORD101668,CUST1312,Arjun Singh,05-06-2029,Cotton T-Shirt,Fashion,2,999,20,799.2,1598.4,960,638.4,Lucknow,Uttar Pradesh,Credit Card,Returned
ORD100984,CUST1186,Rahul Jain,06-06-2029,Cotton T-Shirt,Fashion,2,999,15,849.15,1698.3,960,738.3,Ahmedabad,Gujarat,UPI,Delivered
ORD100166,CUST1351,Priya Jain,07-06-2029,Water Bottle,Home & Kitchen,3,799,10,719.1,2157.3,1050,1107.3,Faridabad,Haryana,Debit Card,Delivered
ORD100249,CUST1404,Priya Verma,08-06-2029,USB-C Hub,Electronics,2,1499,20,1199.2,2398.4,1640,758.4,Chandigarh,Chandigarh,Debit Card,Returned
ORD100447,CUST1301,Neha Malhotra,09-06-2029,Study Table,Furniture,3,5999,0,5999,17997,10800,7197,Chandigarh,Chandigarh,Cash On Delivery,Delivered
ORD101041,CUST1051,Riya Verma,10-06-2029,Denim Jeans,Fashion,1,1999,5,1899.05,1899.05,1050,849.05,Gurugram,Haryana,Net Banking,Delivered
ORD100859,CUST1155,Rahul Verma,11-06-2029,Wireless Mouse,Electronics,1,899,10,809.1,809.1,520,289.1,Gurugram,Haryana,UPI,Delivered
ORD101097,CUST1095,Rohan Kumar,12-06-2029,Bluetooth Headphones,Electronics,1,2499,0,2499,2499,1450,1049,Hyderabad,Telangana,UPI,Returned
ORD100098,CUST1045,Kavya Chauhan,13-06-2029,Wireless Mouse,Electronics,2,899,20,719.2,1438.4,1040,398.4,Gurugram,Haryana,UPI,Delivered
ORD101774,CUST1075,Riya Sharma,14-06-2029,Phone Case,Accessories,3,699,10,629.1,1887.3,840,1047.3,Noida,Uttar Pradesh,Debit Card,Delivered
ORD100738,CUST1320,Kavya Yadav,15-06-2029,USB-C Hub,Electronics,1,1499,15,1274.15,1274.15,820,454.15,Bengaluru,Karnataka,Cash On Delivery,Delivered
ORD101134,CUST1238,Neha Malhotra,16-06-2029,Desk Lamp,Home & Kitchen,3,1299,20,1039.2,3117.6,1950,1167.6,Pune,Maharashtra,Debit Card,Delivered
ORD100103,CUST1020,Karan Jain,17-06-2029,Notebook Set,Stationery,1,499,30,349.3,349.3,210,139.3,Kolkata,West Bengal,UPI,Delivered
ORD100435,CUST1167,Rahul Chauhan,18-06-2029,Office Chair,Furniture,1,7499,0,7499,7499,4800,2699,Chandigarh,Chandigarh,Net Banking,Delivered
ORD100075,CUST1400,Rahul Singh,19-06-2029,Running Shoes,Footwear,1,2999,20,2399.2,2399.2,1750,649.2,Delhi,Delhi,Cash On Delivery,Delivered
ORD101614,CUST1182,Rohan Chauhan,20-06-2029,Wireless Mouse,Electronics,2,899,5,854.05,1708.1,1040,668.1,Indore,Madhya Pradesh,Net Banking,Delivered
ORD101088,CUST1278,Nisha Mehta,21-06-2029,Bluetooth Headphones,Electronics,1,2499,10,2249.1,2249.1,1450,799.1,Noida,Uttar Pradesh,Cash On Delivery,Delivered
ORD100919,CUST1116,Mohit Chauhan,22-06-2029,Wireless Mouse,Electronics,1,899,20,719.2,719.2,520,199.2,Ahmedabad,Gujarat,Cash On Delivery,Delivered
ORD101546,CUST1194,Vivaan Chauhan,23-06-2029,Hoodie,Fashion,1,1799,15,1529.15,1529.15,900,629.15,Pune,Maharashtra,Cash On Delivery,Returned
ORD101744,CUST1159,Pooja Malhotra,24-06-2029,Study Table,Furniture,2,5999,15,5099.15,10198.3,7200,2998.3,Bengaluru,Karnataka,Credit Card,Delivered
ORD101551,CUST1139,Mohit Malhotra,25-06-2029,Office Chair,Furniture,2,7499,10,6749.1,13498.2,9600,3898.2,Bengaluru,Karnataka,Cash On Delivery,Delivered
ORD100763,CUST1278,Nisha Mehta,26-06-2029,Mechanical Keyboard,Electronics,2,3299,5,3134.05,6268.1,3900,2368.1,Noida,Uttar Pradesh,Credit Card,Delivered
ORD100990,CUST1285,Neha Mehta,27-06-2029,Cotton T-Shirt,Fashion,1,999,15,849.15,849.15,480,369.15,Bengaluru,Karnataka,Net Banking,Delivered
ORD100389,CUST1061,Ankit Jain,28-06-2029,Denim Jeans,Fashion,1,1999,20,1599.2,1599.2,1050,549.2,Noida,Uttar Pradesh,Cash On Delivery,Returned
ORD100236,CUST1069,Neha Sharma,29-06-2029,USB-C Hub,Electronics,3,1499,15,1274.15,3822.45,2460,1362.45,Chandigarh,Chandigarh,Net Banking,Cancelled
ORD100268,CUST1060,Rohan Verma,30-06-2029,Wireless Mouse,Electronics,1,899,5,854.05,854.05,520,334.05,Bengaluru,Karnataka,Debit Card,Delivered
ORD101075,CUST1210,Karan Mehta,01-07-2029,Casual Sneakers,Footwear,1,2499,5,2374.05,2374.05,1400,974.05,Delhi,Delhi,Credit Card,Delivered
ORD100118,CUST1200,Karan Kumar,02-07-2029,Wireless Mouse,Electronics,1,899,10,809.1,809.1,520,289.1,Bengaluru,Karnataka,Cash On Delivery,Delivered
ORD101449,CUST1353,Aditya Mehta,03-07-2029,Phone Case,Accessories,3,699,0,699,2097,840,1257,Gurugram,Haryana,Cash On Delivery,Delivered
ORD100674,CUST1403,Pooja Malhotra,04-07-2029,Cotton T-Shirt,Fashion,2,999,5,949.05,1898.1,960,938.1,Jaipur,Rajasthan,Cash On Delivery,Delivered
ORD100250,CUST1393,Mohit Mehta,05-07-2029,Denim Jeans,Fashion,1,1999,15,1699.15,1699.15,1050,649.15,Bengaluru,Karnataka,Credit Card,Delivered
ORD101448,CUST1425,Riya Jain,06-07-2029,Phone Case,Accessories,1,699,10,629.1,629.1,280,349.1,Ahmedabad,Gujarat,Cash On Delivery,Returned
ORD100095,CUST1178,Nisha Yadav,07-07-2029,Running Shoes,Footwear,2,2999,20,2399.2,4798.4,3500,1298.4,Noida,Uttar Pradesh,Debit Card,Cancelled
ORD100034,CUST1425,Riya Jain,08-07-2029,Wireless Mouse,Electronics,2,899,15,764.15,1528.3,1040,488.3,Ahmedabad,Gujarat,Debit Card,Delivered
ORD101318,CUST1340,Priya Yadav,09-07-2029,Desk Lamp,Home & Kitchen,2,1299,15,1104.15,2208.3,1300,908.3,Delhi,Delhi,UPI,Delivered
ORD101507,CUST1448,Pooja Jain,10-07-2029,Casual Sneakers,Footwear,1,2499,10,2249.1,2249.1,1400,849.1,Jaipur,Rajasthan,Net Banking,Returned
ORD100449,CUST1149,Riya Singh,11-07-2029,Laptop Backpack,Accessories,1,1799,20,1439.2,1439.2,950,489.2,Jaipur,Rajasthan,UPI,Delivered
ORD100717,CUST1305,Nisha Chauhan,12-07-2029,Bluetooth Headphones,Electronics,1,2499,15,2124.15,2124.15,1450,674.15,Kolkata,West Bengal,Cash On Delivery,Delivered
ORD101489,CUST1333,Ananya Jain,13-07-2029,Power Bank,Electronics,1,1599,10,1439.1,1439.1,900,539.1,Indore,Madhya Pradesh,Credit Card,Delivered
ORD101680,CUST1292,Aditya Sharma,14-07-2029,USB-C Hub,Electronics,1,1499,15,1274.15,1274.15,820,454.15,Mumbai,Maharashtra,Net Banking,Delivered
ORD100001,CUST1028,Mohit Sharma,15-07-2029,Casual Sneakers,Footwear,3,2499,15,2124.15,6372.45,4200,2172.45,Mumbai,Maharashtra,UPI,Delivered
ORD101237,CUST1012,Arjun Yadav,16-07-2029,Running Shoes,Footwear,1,2999,10,2699.1,2699.1,1750,949.1,Noida,Uttar Pradesh,Credit Card,Delivered
ORD100083,CUST1010,Riya Singh,17-07-2029,Coffee Maker,Home & Kitchen,2,3499,20,2799.2,5598.4,4200,1398.4,Gurugram,Haryana,Debit Card,Delivered
ORD101675,CUST1002,Sneha Singh,18-07-2029,Bluetooth Headphones,Electronics,1,2499,10,2249.1,2249.1,1450,799.1,Delhi,Delhi,Cash On Delivery,Delivered
ORD100677,CUST1143,Ankit Yadav,19-07-2029,Notebook Set,Stationery,1,499,25,374.25,374.25,210,164.25,Bengaluru,Karnataka,Credit Card,Delivered
ORD101306,CUST1041,Isha Singh,20-07-2029,Casual Sneakers,Footwear,1,2499,0,2499,2499,1400,1099,Jaipur,Rajasthan,Cash On Delivery,Delivered
ORD101047,CUST1121,Aditya Mehta,21-07-2029,Desk Lamp,Home & Kitchen,2,1299,15,1104.15,2208.3,1300,908.3,Delhi,Delhi,Credit Card,Delivered
ORD100771,CUST1014,Ankit Chauhan,22-07-2029,Office Chair,Furniture,2,7499,15,6374.15,12748.3,9600,3148.3,Indore,Madhya Pradesh,Credit Card,Delivered
ORD101101,CUST1102,Mohit Jain,23-07-2029,Phone Case,Accessories,2,699,10,629.1,1258.2,560,698.2,Lucknow,Uttar Pradesh,Credit Card,Delivered
ORD101169,CUST1007,Pooja Malhotra,24-07-2029,Denim Jeans,Fashion,2,1999,15,1699.15,3398.3,2100,1298.3,Bengaluru,Karnataka,Credit Card,Delivered
ORD101426,CUST1436,Mohit Gupta,25-07-2029,Laptop Backpack,Accessories,2,1799,10,1619.1,3238.2,1900,1338.2,Indore,Madhya Pradesh,Debit Card,Delivered
ORD101341,CUST1297,Rohan Yadav,26-07-2029,Smart Watch,Electronics,1,3999,25,2999.25,2999.25,2500,499.25,Jaipur,Rajasthan,Debit Card,Delivered
ORD100405,CUST1081,Nisha Jain,27-07-2029,Laptop Backpack,Accessories,2,1799,0,1799,3598,1900,1698,Chennai,Tamil Nadu,Credit Card,Cancelled
ORD101559,CUST1261,Vikram Verma,28-07-2029,Hoodie,Fashion,1,1799,15,1529.15,1529.15,900,629.15,Chennai,Tamil Nadu,Debit Card,Delivered
ORD101171,CUST1065,Ananya Jain,29-07-2029,Phone Case,Accessories,1,699,0,699,699,280,419,Indore,Madhya Pradesh,Debit Card,Delivered
ORD100105,CUST1205,Isha Sharma,30-07-2029,Laptop Backpack,Accessories,1,1799,15,1529.15,1529.15,950,579.15,Mumbai,Maharashtra,Credit Card,Delivered
ORD100689,CUST1144,Arjun Mehta,31-07-2029,Mechanical Keyboard,Electronics,1,3299,20,2639.2,2639.2,1950,689.2,Pune,Maharashtra,Credit Card,Delivered
ORD101176,CUST1133,Nisha Mehta,01-08-2029,Desk Lamp,Home & Kitchen,1,1299,20,1039.2,1039.2,650,389.2,Jaipur,Rajasthan,UPI,Delivered
ORD100827,CUST1436,Mohit Gupta,02-08-2029,Coffee Maker,Home & Kitchen,1,3499,15,2974.15,2974.15,2100,874.15,Indore,Madhya Pradesh,Debit Card,Delivered
ORD100063,CUST1373,Kavya Kumar,03-08-2029,Power Bank,Electronics,1,1599,0,1599,1599,900,699,Chandigarh,Chandigarh,Credit Card,Delivered
ORD100853,CUST1291,Vivaan Chauhan,04-08-2029,Laptop Backpack,Accessories,1,1799,20,1439.2,1439.2,950,489.2,Bengaluru,Karnataka,Net Banking,Delivered
ORD101587,CUST1291,Vivaan Chauhan,05-08-2029,Cotton T-Shirt,Fashion,1,999,20,799.2,799.2,480,319.2,Bengaluru,Karnataka,Credit Card,Delivered
ORD100224,CUST1397,Pooja Chauhan,06-08-2029,Air Fryer,Home & Kitchen,1,5999,5,5699.05,5699.05,3800,1899.05,Faridabad,Haryana,Net Banking,Returned
ORD100146,CUST1357,Pooja Malhotra,07-08-2029,Cotton T-Shirt,Fashion,1,999,25,749.25,749.25,480,269.25,Faridabad,Haryana,Credit Card,Delivered
ORD101089,CUST1034,Isha Kumar,08-08-2029,Air Fryer,Home & Kitchen,1,5999,5,5699.05,5699.05,3800,1899.05,Kolkata,West Bengal,Cash On Delivery,Delivered
ORD100374,CUST1143,Ankit Yadav,09-08-2029,Hoodie,Fashion,1,1799,10,1619.1,1619.1,900,719.1,Bengaluru,Karnataka,Credit Card,Delivered
ORD101277,CUST1034,Isha Kumar,10-08-2029,Casual Sneakers,Footwear,2,2499,5,2374.05,4748.1,2800,1948.1,Kolkata,West Bengal,Debit Card,Delivered
ORD101645,CUST1236,Pooja Chauhan,11-08-2029,Smart Watch,Electronics,1,3999,10,3599.1,3599.1,2500,1099.1,Delhi,Delhi,Credit Card,Delivered
ORD101346,CUST1421,Karan Jain,12-08-2029,Hoodie,Fashion,1,1799,10,1619.1,1619.1,900,719.1,Gurugram,Haryana,Debit Card,Delivered
ORD101647,CUST1322,Simran Singh,13-08-2029,USB-C Hub,Electronics,1,1499,20,1199.2,1199.2,820,379.2,Chennai,Tamil Nadu,Debit Card,Delivered
ORD101147,CUST1054,Kavya Jain,14-08-2029,Coffee Maker,Home & Kitchen,3,3499,5,3324.05,9972.15,6300,3672.15,Bengaluru,Karnataka,Net Banking,Delivered
ORD100010,CUST1351,Priya Jain,15-08-2029,Hoodie,Fashion,1,1799,0,1799,1799,900,899,Faridabad,Haryana,Cash On Delivery,Delivered
ORD100450,CUST1351,Priya Jain,16-08-2029,Phone Case,Accessories,1,699,5,664.05,664.05,280,384.05,Faridabad,Haryana,Net Banking,Delivered
ORD100709,CUST1039,Rahul Gupta,17-08-2029,Laptop Backpack,Accessories,2,1799,0,1799,3598,1900,1698,Bengaluru,Karnataka,Cash On Delivery,Delivered
ORD100256,CUST1234,Arjun Mehta,18-08-2029,Phone Case,Accessories,1,699,20,559.2,559.2,280,279.2,Lucknow,Uttar Pradesh,Cash On Delivery,Returned
ORD100883,CUST1037,Mohit Verma,19-08-2029,Cotton T-Shirt,Fashion,2,999,10,899.1,1798.2,960,838.2,Noida,Uttar Pradesh,Cash On Delivery,Delivered
ORD100390,CUST1158,Rohan Jain,20-08-2029,Desk Lamp,Home & Kitchen,3,1299,10,1169.1,3507.3,1950,1557.3,Lucknow,Uttar Pradesh,Cash On Delivery,Delivered
ORD100909,CUST1260,Mohit Mehta,21-08-2029,Cotton T-Shirt,Fashion,1,999,0,999,999,480,519,Pune,Maharashtra,Credit Card,Delivered
ORD100925,CUST1445,Aarav Gupta,22-08-2029,Office Chair,Furniture,4,7499,10,6749.1,26996.4,19200,7796.4,Noida,Uttar Pradesh,Credit Card,Delivered
ORD101539,CUST1403,Pooja Malhotra,23-08-2029,Phone Case,Accessories,1,699,20,559.2,559.2,280,279.2,Jaipur,Rajasthan,Credit Card,Delivered
ORD101602,CUST1085,Rahul Sharma,24-08-2029,Smart Watch,Electronics,1,3999,20,3199.2,3199.2,2500,699.2,Chennai,Tamil Nadu,Cash On Delivery,Delivered
ORD100461,CUST1181,Riya Chauhan,25-08-2029,Notebook Set,Stationery,2,499,20,399.2,798.4,420,378.4,Chandigarh,Chandigarh,Net Banking,Cancelled
ORD101146,CUST1395,Priya Sharma,26-08-2029,Laptop Backpack,Accessories,1,1799,0,1799,1799,950,849,Indore,Madhya Pradesh,Debit Card,Delivered
ORD100959,CUST1144,Arjun Mehta,27-08-2029,Notebook Set,Stationery,2,499,5,474.05,948.1,420,528.1,Pune,Maharashtra,Debit Card,Delivered
ORD100502,CUST1282,Mohit Verma,28-08-2029,Power Bank,Electronics,1,1599,15,1359.15,1359.15,900,459.15,Chandigarh,Chandigarh,UPI,Delivered
ORD100740,CUST1017,Vivaan Mehta,29-08-2029,Mechanical Keyboard,Electronics,1,3299,15,2804.15,2804.15,1950,854.15,Chennai,Tamil Nadu,UPI,Delivered
ORD101665,CUST1371,Riya Malhotra,30-08-2029,Power Bank,Electronics,2,1599,15,1359.15,2718.3,1800,918.3,Pune,Maharashtra,Cash On Delivery,Delivered
ORD100869,CUST1029,Priya Verma,31-08-2029,Mechanical Keyboard,Electronics,1,3299,15,2804.15,2804.15,1950,854.15,Bengaluru,Karnataka,Net Banking,Delivered
ORD100732,CUST1424,Arjun Sharma,01-09-2029,Smart Watch,Electronics,3,3999,0,3999,11997,7500,4497,Chandigarh,Chandigarh,Debit Card,Cancelled
ORD100540,CUST1002,Sneha Singh,02-09-2029,Desk Lamp,Home & Kitchen,1,1299,20,1039.2,1039.2,650,389.2,Delhi,Delhi,UPI,Delivered
ORD100698,CUST1300,Neha Jain,03-09-2029,Hoodie,Fashion,1,1799,20,1439.2,1439.2,900,539.2,Kolkata,West Bengal,Credit Card,Delivered
ORD101253,CUST1021,Arjun Malhotra,04-09-2029,Coffee Maker,Electronics,3,3499,15,2974.15,8922.45,6300,2622.45,Chandigarh,Chandigarh,UPI,Delivered
ORD101238,CUST1150,Karan Sharma,05-09-2029,USB-C Hub,Electronics,3,1499,5,1424.05,4272.15,2460,1812.15,Gurugram,Haryana,Credit Card,Delivered
ORD101032,CUST1176,Priya Sharma,06-09-2029,Water Bottle,Home & Kitchen,1,799,10,719.1,719.1,350,369.1,Noida,Uttar Pradesh,Net Banking,Delivered
ORD100373,CUST1410,Sneha Yadav,07-09-2029,Office Chair,Furniture,2,7499,10,6749.1,13498.2,9600,3898.2,Ahmedabad,Gujarat,UPI,Delivered
ORD100668,CUST1129,Sneha Verma,08-09-2029,Mechanical Keyboard,Electronics,1,3299,25,2474.25,2474.25,1950,524.25,Chennai,Tamil Nadu,UPI,Delivered
ORD101375,CUST1407,Sneha Gupta,09-09-2029,Running Shoes,Footwear,1,2999,0,2999,2999,1750,1249,Faridabad,Haryana,UPI,Delivered
ORD100358,CUST1440,Priya Jain,10-09-2029,Desk Lamp,Home & Kitchen,2,1299,5,1234.05,2468.1,1300,1168.1,Bengaluru,Karnataka,Debit Card,Delivered
ORD100968,CUST1205,Isha Sharma,11-09-2029,Smart Watch,Electronics,1,3999,15,3399.15,3399.15,2500,899.15,Mumbai,Maharashtra,Credit Card,Delivered
ORD100784,CUST1384,Neha Singh,12-09-2029,USB-C Hub,Electronics,1,1499,20,1199.2,1199.2,820,379.2,Ahmedabad,Gujarat,Credit Card,Delivered
ORD100736,CUST1251,Aditya Jain,13-09-2029,Laptop Backpack,Accessories,1,1799,15,1529.15,1529.15,950,579.15,Pune,Maharashtra,UPI,Cancelled
ORD101036,CUST1307,Kavya Kumar,14-09-2029,Phone Case,Accessories,2,699,0,699,1398,560,838,Hyderabad,Telangana,Credit Card,Delivered
ORD100971,CUST1384,Neha Singh,15-09-2029,Power Bank,Electronics,1,1599,5,1519.05,1519.05,900,619.05,Ahmedabad,Gujarat,Cash On Delivery,Delivered
ORD101374,CUST1208,Aarav Jain,16-09-2029,Power Bank,Electronics,1,1599,15,1359.15,1359.15,900,459.15,Chandigarh,Chandigarh,Cash On Delivery,Delivered
ORD101339,CUST1066,Ananya Mehta,17-09-2029,Bluetooth Headphones,Electronics,1,2499,20,1999.2,1999.2,1450,549.2,Chennai,Tamil Nadu,Cash On Delivery,Returned
ORD101343,CUST1105,Karan Malhotra,18-09-2029,Air Fryer,Home & Kitchen,1,5999,5,5699.05,5699.05,3800,1899.05,Gurugram,Haryana,UPI,Delivered
ORD101746,CUST1085,Rahul Sharma,19-09-2029,Water Bottle,Home & Kitchen,2,799,15,679.15,1358.3,700,658.3,Chennai,Tamil Nadu,Debit Card,Delivered
ORD101550,CUST1104,Kavya Yadav,20-09-2029,Mechanical Keyboard,Electronics,2,3299,15,2804.15,5608.3,3900,1708.3,Chandigarh,Chandigarh,Cash On Delivery,Delivered
ORD100886,CUST1105,Karan Malhotra,21-09-2029,Office Chair,Furniture,1,7499,0,7499,7499,4800,2699,Gurugram,Haryana,Net Banking,Delivered
ORD100080,CUST1316,Pooja Kumar,22-09-2029,Desk Lamp,Home & Kitchen,1,1299,10,1169.1,1169.1,650,519.1,Gurugram,Haryana,Cash On Delivery,Cancelled
ORD100815,CUST1102,Mohit Jain,23-09-2029,Wireless Mouse,Electronics,1,899,15,764.15,764.15,520,244.15,Lucknow,Uttar Pradesh,Cash On Delivery,Delivered
ORD101160,CUST1360,Rohan Mehta,24-09-2029,Cotton T-Shirt,Fashion,1,999,30,699.3,699.3,480,219.3,Ahmedabad,Gujarat,Debit Card,Delivered
ORD100672,CUST1176,Priya Sharma,25-09-2029,Hoodie,Fashion,1,1799,15,1529.15,1529.15,900,629.15,Noida,Uttar Pradesh,Debit Card,Delivered
ORD101381,CUST1417,Mohit Verma,26-09-2029,Phone Case,Accessories,3,699,0,699,2097,840,1257,Jaipur,Rajasthan,UPI,Delivered
ORD100058,CUST1177,Karan Singh,27-09-2029,Hoodie,Fashion,1,1799,5,1709.05,1709.05,900,809.05,Jaipur,Rajasthan,UPI,Returned
ORD100134,CUST1053,Kavya Malhotra,28-09-2029,Smart Watch,Electronics,2,3999,15,3399.15,6798.3,5000,1798.3,Kolkata,West Bengal,Debit Card,Returned
ORD101141,CUST1290,Simran Verma,29-09-2029,USB-C Hub,Electronics,1,1499,20,1199.2,1199.2,820,379.2,Delhi,Delhi,Credit Card,Delivered
ORD100934,CUST1394,Aarav Jain,30-09-2029,Running Shoes,Footwear,1,2999,20,2399.2,2399.2,1750,649.2,Delhi,Delhi,Debit Card,Delivered
ORD101576,CUST1152,Aarav Chauhan,01-10-2029,Study Table,Furniture,2,5999,20,4799.2,9598.4,7200,2398.4,Pune,Maharashtra,Net Banking,Delivered
ORD100824,CUST1205,Isha Sharma,02-10-2029,Denim Jeans,Electronics,1,1999,10,1799.1,1799.1,1050,749.1,Mumbai,Maharashtra,Cash On Delivery,Delivered
ORD100505,CUST1342,Nisha Yadav,03-10-2029,Casual Sneakers,Footwear,1,2499,5,2374.05,2374.05,1400,974.05,Lucknow,Uttar Pradesh,UPI,Returned
ORD101632,CUST1008,Pooja Malhotra,04-10-2029,Bluetooth Headphones,Electronics,1,2499,5,2374.05,2374.05,1450,924.05,Noida,Uttar Pradesh,Debit Card,Delivered
ORD100348,CUST1243,Mohit Gupta,05-10-2029,Water Bottle,Home & Kitchen,4,799,10,719.1,2876.4,1400,1476.4,Chandigarh,Chandigarh,Debit Card,Delivered
ORD100387,CUST1046,Ankit Chauhan,06-10-2029,Smart Watch,Electronics,1,3999,10,3599.1,3599.1,2500,1099.1,Gurugram,Haryana,Net Banking,Delivered
ORD101025,CUST1046,Ankit Chauhan,07-10-2029,Study Table,Furniture,1,5999,25,4499.25,4499.25,3600,899.25,Gurugram,Haryana,Net Banking,Delivered
ORD100895,CUST1146,Riya Gupta,08-10-2029,Notebook Set,Stationery,3,499,15,424.15,1272.45,630,642.45,Noida,Uttar Pradesh,Cash On Delivery,Delivered
ORD100829,CUST1013,Kavya Jain,09-10-2029,Wireless Mouse,Electronics,1,899,15,764.15,764.15,520,244.15,Pune,Maharashtra,Debit Card,Delivered
ORD101700,CUST1126,Arjun Singh,10-10-2029,Laptop Backpack,Accessories,2,1799,0,1799,3598,1900,1698,Delhi,Delhi,UPI,Returned
ORD100476,CUST1093,Mohit Singh,11-10-2029,Desk Lamp,Home & Kitchen,1,1299,15,1104.15,1104.15,650,454.15,Noida,Uttar Pradesh,Net Banking,Delivered
ORD101325,CUST1283,Simran Gupta,12-10-2029,Phone Case,Accessories,2,699,0,699,1398,560,838,Jaipur,Rajasthan,Cash On Delivery,Delivered
ORD101601,CUST1213,Ankit Verma,13-10-2029,Coffee Maker,Home & Kitchen,2,3499,15,2974.15,5948.3,4200,1748.3,Noida,Uttar Pradesh,Net Banking,Delivered
ORD100653,CUST1032,Vikram Yadav,14-10-2029,Mechanical Keyboard,Electronics,1,3299,15,2804.15,2804.15,1950,854.15,Jaipur,Rajasthan,Debit Card,Delivered
ORD100173,CUST1191,Aarav Yadav,15-10-2029,Denim Jeans,Fashion,2,1999,20,1599.2,3198.4,2100,1098.4,Hyderabad,Telangana,Cash On Delivery,Delivered
ORD101150,CUST1054,Kavya Jain,16-10-2029,Running Shoes,Footwear,1,2999,15,2549.15,2549.15,1750,799.15,Bengaluru,Karnataka,Net Banking,Delivered
ORD100039,CUST1351,Priya Jain,17-10-2029,Power Bank,Electronics,2,1599,20,1279.2,2558.4,1800,758.4,Faridabad,Haryana,UPI,Delivered
ORD100714,CUST1286,Isha Singh,18-10-2029,Air Fryer,Home & Kitchen,2,5999,15,5099.15,10198.3,7600,2598.3,Mumbai,Maharashtra,Debit Card,Delivered
ORD100091,CUST1228,Ananya Mehta,19-10-2029,Office Chair,Furniture,1,7499,15,6374.15,6374.15,4800,1574.15,Kolkata,West Bengal,Net Banking,Returned
ORD101740,CUST1093,Mohit Singh,20-10-2029,Desk Lamp,Home & Kitchen,1,1299,15,1104.15,1104.15,650,454.15,Noida,Uttar Pradesh,Cash On Delivery,Delivered
ORD100876,CUST1364,Pooja Sharma,21-10-2029,USB-C Hub,Electronics,1,1499,15,1274.15,1274.15,820,454.15,Ahmedabad,Gujarat,UPI,Delivered
ORD101701,CUST1434,Riya Chauhan,22-10-2029,Phone Case,Accessories,1,699,15,594.15,594.15,280,314.15,Ahmedabad,Gujarat,Net Banking,Delivered
ORD101094,CUST1312,Arjun Singh,23-10-2029,Laptop Backpack,Accessories,1,1799,5,1709.05,1709.05,950,759.05,Lucknow,Uttar Pradesh,Net Banking,Delivered
ORD101156,CUST1051,Riya Verma,24-10-2029,Mechanical Keyboard,Electronics,1,3299,15,2804.15,2804.15,1950,854.15,Gurugram,Haryana,Credit Card,Delivered
ORD101536,CUST1319,Rohan Gupta,25-10-2029,Power Bank,Electronics,3,1599,20,1279.2,3837.6,2700,1137.6,Ahmedabad,Gujarat,UPI,Delivered
ORD101759,CUST1091,Isha Verma,26-10-2029,USB-C Hub,Electronics,1,1499,15,1274.15,1274.15,820,454.15,Pune,Maharashtra,Debit Card,Delivered
ORD100500,CUST1134,Ankit Kumar,27-10-2029,Phone Case,Accessories,2,699,20,559.2,1118.4,560,558.4,Mumbai,Maharashtra,Cash On Delivery,Delivered
ORD100339,CUST1414,Sneha Chauhan,28-10-2029,Water Bottle,Home & Kitchen,1,799,10,719.1,719.1,350,369.1,Ahmedabad,Gujarat,Credit Card,Delivered
ORD100029,CUST1258,Nisha Verma,29-10-2029,Desk Lamp,Home & Kitchen,3,1299,15,1104.15,3312.45,1950,1362.45,Ahmedabad,Gujarat,Net Banking,Delivered
ORD101191,CUST1091,Isha Verma,30-10-2029,Power Bank,Electronics,2,1599,15,1359.15,2718.3,1800,918.3,Pune,Maharashtra,Credit Card,Delivered
ORD101792,CUST1442,Ankit Verma,31-10-2029,Air Fryer,Home & Kitchen,3,5999,10,5399.1,16197.3,11400,4797.3,Noida,Uttar Pradesh,Credit Card,Delivered
ORD100946,CUST1233,Aarav Yadav,01-11-2029,Water Bottle,Home & Kitchen,1,799,10,719.1,719.1,350,369.1,Lucknow,Uttar Pradesh,UPI,Delivered
ORD100170,CUST1178,Nisha Yadav,02-11-2029,Mechanical Keyboard,Electronics,1,3299,20,2639.2,2639.2,1950,689.2,Noida,Uttar Pradesh,Net Banking,Delivered
ORD100913,CUST1268,Ananya Verma,03-11-2029,Study Table,Furniture,1,5999,5,5699.05,5699.05,3600,2099.05,Pune,Maharashtra,Debit Card,Delivered
ORD100492,CUST1057,Ananya Singh,04-11-2029,Cotton T-Shirt,Fashion,3,999,5,949.05,2847.15,1440,1407.15,Bengaluru,Karnataka,UPI,Delivered
ORD100954,CUST1034,Isha Kumar,05-11-2029,Smart Watch,Electronics,2,3999,20,3199.2,6398.4,5000,1398.4,Kolkata,West Bengal,Net Banking,Returned
ORD101098,CUST1069,Neha Sharma,06-11-2029,Water Bottle,Home & Kitchen,1,799,10,719.1,719.1,350,369.1,Chandigarh,Chandigarh,Debit Card,Cancelled
ORD101033,CUST1105,Karan Malhotra,07-11-2029,Bluetooth Headphones,Electronics,3,2499,15,2124.15,6372.45,4350,2022.45,Gurugram,Haryana,Debit Card,Delivered
ORD100588,CUST1161,Rahul Verma,08-11-2029,Water Bottle,Home & Kitchen,1,799,15,679.15,679.15,350,329.15,Lucknow,Uttar Pradesh,Cash On Delivery,Delivered
ORD100751,CUST1115,Priya Verma,09-11-2029,Casual Sneakers,Footwear,1,2499,5,2374.05,2374.05,1400,974.05,Hyderabad,Telangana,Credit Card,Delivered
ORD100658,CUST1153,Priya Verma,10-11-2029,Running Shoes,Footwear,1,2999,15,2549.15,2549.15,1750,799.15,Hyderabad,Telangana,Credit Card,Delivered
ORD100235,CUST1181,Riya Chauhan,11-11-2029,Study Table,Furniture,1,5999,15,5099.15,5099.15,3600,1499.15,Chandigarh,Chandigarh,Debit Card,Delivered
ORD100733,CUST1306,Riya Singh,12-11-2029,Bluetooth Headphones,Electronics,1,2499,0,2499,2499,1450,1049,Chandigarh,Chandigarh,Debit Card,Delivered
ORD101473,CUST1317,Ankit Kumar,13-11-2029,Desk Lamp,Home & Kitchen,1,1299,15,1104.15,1104.15,650,454.15,Hyderabad,Telangana,UPI,Cancelled
ORD101157,CUST1444,Vivaan Verma,14-11-2029,Coffee Maker,Home & Kitchen,1,3499,20,2799.2,2799.2,2100,699.2,Chennai,Tamil Nadu,Debit Card,Delivered
ORD101324,CUST1085,Rahul Sharma,15-11-2029,Casual Sneakers,Footwear,1,2499,20,1999.2,1999.2,1400,599.2,Chennai,Tamil Nadu,UPI,Delivered
ORD101469,CUST1264,Isha Verma,16-11-2029,USB-C Hub,Electronics,2,1499,15,1274.15,2548.3,1640,908.3,Hyderabad,Telangana,Credit Card,Delivered
ORD100935,CUST1170,Rohan Yadav,17-11-2029,Bluetooth Headphones,Electronics,2,2499,20,1999.2,3998.4,2900,1098.4,Delhi,Delhi,Net Banking,Delivered
ORD101066,CUST1229,Aditya Jain,18-11-2029,Denim Jeans,Fashion,1,1999,15,1699.15,1699.15,1050,649.15,Chennai,Tamil Nadu,UPI,Delivered
ORD100109,CUST1060,Rohan Verma,19-11-2029,Hoodie,Fashion,1,1799,15,1529.15,1529.15,900,629.15,Bengaluru,Karnataka,Net Banking,Delivered
ORD101390,CUST1247,Kavya Jain,20-11-2029,Running Shoes,Footwear,2,2999,5,2849.05,5698.1,3500,2198.1,Hyderabad,Telangana,UPI,Delivered
ORD100569,CUST1402,Priya Yadav,21-11-2029,Air Fryer,Home & Kitchen,1,5999,5,5699.05,5699.05,3800,1899.05,Bengaluru,Karnataka,Debit Card,Delivered
ORD101168,CUST1343,Arjun Chauhan,22-11-2029,Air Fryer,Home & Kitchen,1,5999,5,5699.05,5699.05,3800,1899.05,Indore,Madhya Pradesh,Net Banking,Delivered
ORD101175,CUST1032,Vikram Yadav,23-11-2029,Notebook Set,Stationery,1,499,15,424.15,424.15,210,214.15,Jaipur,Rajasthan,Net Banking,Delivered
ORD100891,CUST1263,Rahul Kumar,24-11-2029,Wireless Mouse,Electronics,1,899,5,854.05,854.05,520,334.05,Ahmedabad,Gujarat,Cash On Delivery,Returned
ORD100948,CUST1405,Vikram Yadav,25-11-2029,Mechanical Keyboard,Electronics,2,3299,10,2969.1,5938.2,3900,2038.2,Kolkata,West Bengal,UPI,Delivered
ORD101049,CUST1252,Nisha Chauhan,26-11-2029,Office Chair,Furniture,2,7499,20,5999.2,11998.4,9600,2398.4,Hyderabad,Telangana,Cash On Delivery,Delivered
ORD101215,CUST1162,Neha Yadav,27-11-2029,Bluetooth Headphones,Electronics,1,2499,15,2124.15,2124.15,1450,674.15,Jaipur,Rajasthan,Debit Card,Delivered
ORD101233,CUST1412,Aditya Jain,28-11-2029,Laptop Backpack,Accessories,1,1799,15,1529.15,1529.15,950,579.15,Pune,Maharashtra,Cash On Delivery,Cancelled
ORD101302,CUST1201,Nisha Malhotra,29-11-2029,Mechanical Keyboard,Electronics,1,3299,15,2804.15,2804.15,1950,854.15,Hyderabad,Telangana,Credit Card,Delivered
ORD100885,CUST1011,Priya Kumar,30-11-2029,Office Chair,Furniture,2,7499,15,6374.15,12748.3,9600,3148.3,Lucknow,Uttar Pradesh,Cash On Delivery,Cancelled
ORD101511,CUST1186,Rahul Jain,01-12-2029,Smart Watch,Electronics,2,3999,5,3799.05,7598.1,5000,2598.1,Ahmedabad,Gujarat,Cash On Delivery,Delivered
ORD100851,CUST1086,Aditya Sharma,02-12-2029,Running Shoes,Footwear,1,2999,15,2549.15,2549.15,1750,799.15,Kolkata,West Bengal,Net Banking,Delivered
ORD100735,CUST1155,Rahul Verma,03-12-2029,Power Bank,Electronics,2,1599,20,1279.2,2558.4,1800,758.4,Gurugram,Haryana,Debit Card,Cancelled
ORD100718,CUST1261,Vikram Verma,04-12-2029,Phone Case,Accessories,3,699,10,629.1,1887.3,840,1047.3,Chennai,Tamil Nadu,Cash On Delivery,Delivered
ORD100455,CUST1335,Isha Verma,05-12-2029,Cotton T-Shirt,Fashion,1,999,20,799.2,799.2,480,319.2,Kolkata,West Bengal,Cash On Delivery,Cancelled
ORD100265,CUST1340,Priya Yadav,06-12-2029,Air Fryer,Home & Kitchen,1,5999,10,5399.1,5399.1,3800,1599.1,Delhi,Delhi,Cash On Delivery,Delivered
ORD100076,CUST1411,Aarav Jain,07-12-2029,Water Bottle,Home & Kitchen,1,799,10,719.1,719.1,350,369.1,Hyderabad,Telangana,UPI,Delivered
ORD100445,CUST1330,Vivaan Gupta,08-12-2029,Bluetooth Headphones,Electronics,4,2499,5,2374.05,9496.2,5800,3696.2,Mumbai,Maharashtra,Net Banking,Delivered
ORD100396,CUST1031,Isha Malhotra,09-12-2029,Phone Case,Accessories,1,699,20,559.2,559.2,280,279.2,Chennai,Tamil Nadu,Net Banking,Delivered
ORD100177,CUST1243,Mohit Gupta,10-12-2029,Air Fryer,Home & Kitchen,3,5999,15,5099.15,15297.45,11400,3897.45,Chandigarh,Chandigarh,Net Banking,Cancelled
ORD101043,CUST1172,Neha Mehta,11-12-2029,Wireless Mouse,Electronics,1,899,5,854.05,854.05,520,334.05,Faridabad,Haryana,Cash On Delivery,Delivered
ORD101566,CUST1414,Sneha Chauhan,12-12-2029,Wireless Mouse,Electronics,2,899,5,854.05,1708.1,1040,668.1,Ahmedabad,Gujarat,Debit Card,Delivered
ORD101260,CUST1332,Aarav Gupta,13-12-2029,Air Fryer,Home & Kitchen,1,5999,10,5399.1,5399.1,3800,1599.1,Lucknow,Uttar Pradesh,Cash On Delivery,Delivered
ORD101241,CUST1189,Pooja Malhotra,14-12-2029,Hoodie,Fashion,1,1799,10,1619.1,1619.1,900,719.1,Kolkata,West Bengal,Net Banking,Delivered
ORD100596,CUST1344,Ankit Mehta,15-12-2029,Mechanical Keyboard,Electronics,1,3299,10,2969.1,2969.1,1950,1019.1,Hyderabad,Telangana,Credit Card,Delivered
ORD100062,CUST1378,Ananya Singh,16-12-2029,Phone Case,Accessories,2,699,20,559.2,1118.4,560,558.4,Lucknow,Uttar Pradesh,Debit Card,Delivered
ORD100873,CUST1107,Kavya Singh,17-12-2029,Laptop Backpack,Accessories,3,1799,5,1709.05,5127.15,2850,2277.15,Ahmedabad,Gujarat,Cash On Delivery,Delivered
ORD101342,CUST1245,Kavya Jain,18-12-2029,Casual Sneakers,Footwear,1,2499,25,1874.25,1874.25,1400,474.25,Mumbai,Maharashtra,UPI,Delivered
ORD101690,CUST1271,Pooja Sharma,19-12-2029,Study Table,Furniture,3,5999,20,4799.2,14397.6,10800,3597.6,Kolkata,West Bengal,Credit Card,Cancelled
ORD100279,CUST1004,Vivaan Jain,20-12-2029,Power Bank,Electronics,1,1599,30,1119.3,1119.3,900,219.3,Chandigarh,Chandigarh,Credit Card,Delivered
ORD100037,CUST1155,Rahul Verma,21-12-2029,Denim Jeans,Fashion,2,1999,20,1599.2,3198.4,2100,1098.4,Gurugram,Haryana,Credit Card,Delivered
ORD101366,CUST1034,Isha Kumar,22-12-2029,Hoodie,Fashion,2,1799,5,1709.05,3418.1,1800,1618.1,Kolkata,West Bengal,Debit Card,Delivered
ORD100663,CUST1099,Rahul Verma,23-12-2029,Bluetooth Headphones,Electronics,1,2499,15,2124.15,2124.15,1450,674.15,Indore,Madhya Pradesh,Cash On Delivery,Returned
ORD101626,CUST1073,Nisha Chauhan,24-12-2029,Laptop Backpack,Accessories,1,1799,5,1709.05,1709.05,950,759.05,Hyderabad,Telangana,Credit Card,Delivered
ORD101300,CUST1081,Nisha Jain,25-12-2029,Hoodie,Fashion,1,1799,20,1439.2,1439.2,900,539.2,Chennai,Tamil Nadu,Net Banking,Delivered
ORD100978,CUST1117,Aarav Malhotra,26-12-2029,Power Bank,Electronics,1,1599,5,1519.05,1519.05,900,619.05,Pune,Maharashtra,UPI,Returned
ORD101417,CUST1021,Arjun Malhotra,27-12-2029,Power Bank,Electronics,1,1599,0,1599,1599,900,699,Chandigarh,Chandigarh,Credit Card,Delivered
ORD100739,CUST1269,Mohit Verma,28-12-2029,Smart Watch,Electronics,1,3999,15,3399.15,3399.15,2500,899.15,Indore,Madhya Pradesh,UPI,Delivered
ORD100192,CUST1196,Pooja Verma,29-12-2029,Denim Jeans,Fashion,2,1999,15,1699.15,3398.3,2100,1298.3,Gurugram,Haryana,Net Banking,Returned
ORD100920,CUST1214,Simran Chauhan,30-12-2029,Phone Case,Accessories,3,699,20,559.2,1677.6,840,837.6,Mumbai,Maharashtra,Cash On Delivery,Delivered
ORD100457,CUST1089,Pooja Verma,31-12-2029,Running Shoes,Footwear,1,2999,0,2999,2999,1750,1249,Faridabad,Haryana,Credit Card,Returned
ORD100676,CUST1199,Aarav Verma,01-01-2030,Power Bank,Electronics,2,1599,15,1359.15,2718.3,1800,918.3,Delhi,Delhi,Debit Card,Delivered
ORD100761,CUST1051,Riya Verma,02-01-2030,Water Bottle,Home & Kitchen,1,799,10,719.1,719.1,350,369.1,Gurugram,Haryana,Credit Card,Returned
ORD101627,CUST1091,Isha Verma,03-01-2030,Hoodie,Electronics,1,1799,20,1439.2,1439.2,900,539.2,Pune,Maharashtra,Cash On Delivery,Cancelled
ORD100729,CUST1201,Nisha Malhotra,04-01-2030,Study Table,Furniture,3,5999,20,4799.2,14397.6,10800,3597.6,Hyderabad,Telangana,Cash On Delivery,Delivered
ORD100413,CUST1268,Ananya Verma,05-01-2030,Denim Jeans,Fashion,1,1999,15,1699.15,1699.15,1050,649.15,Pune,Maharashtra,Net Banking,Delivered
ORD101099,CUST1383,Vikram Malhotra,06-01-2030,Water Bottle,Home & Kitchen,1,799,15,679.15,679.15,350,329.15,Pune,Maharashtra,Credit Card,Delivered
ORD100826,CUST1256,Nisha Malhotra,07-01-2030,Cotton T-Shirt,Fashion,1,999,0,999,999,480,519,Chennai,Tamil Nadu,Debit Card,Delivered
ORD101348,CUST1365,Mohit Jain,08-01-2030,Air Fryer,Home & Kitchen,2,5999,5,5699.05,11398.1,7600,3798.1,Faridabad,Haryana,Debit Card,Delivered
ORD100617,CUST1168,Mohit Chauhan,09-01-2030,Running Shoes,Footwear,1,2999,10,2699.1,2699.1,1750,949.1,Kolkata,West Bengal,Cash On Delivery,Delivered
ORD100115,CUST1155,Rahul Verma,10-01-2030,Mechanical Keyboard,Electronics,1,3299,5,3134.05,3134.05,1950,1184.05,Gurugram,Haryana,Cash On Delivery,Returned
ORD100418,CUST1197,Vikram Mehta,11-01-2030,Water Bottle,Home & Kitchen,3,799,5,759.05,2277.15,1050,1227.15,Ahmedabad,Gujarat,Credit Card,Delivered
ORD101715,CUST1085,Rahul Sharma,12-01-2030,Office Chair,Furniture,1,7499,10,6749.1,6749.1,4800,1949.1,Chennai,Tamil Nadu,Net Banking,Delivered
ORD100970,CUST1286,Isha Singh,13-01-2030,Cotton T-Shirt,Fashion,1,999,10,899.1,899.1,480,419.1,Mumbai,Maharashtra,Net Banking,Delivered
ORD100605,CUST1446,Vivaan Malhotra,14-01-2030,Cotton T-Shirt,Fashion,1,999,0,999,999,480,519,Indore,Madhya Pradesh,UPI,Delivered
ORD101722,CUST1252,Nisha Chauhan,15-01-2030,Power Bank,Electronics,4,1599,15,1359.15,5436.6,3600,1836.6,Hyderabad,Telangana,UPI,Delivered
ORD100090,CUST1101,Vikram Yadav,16-01-2030,Water Bottle,Home & Kitchen,1,799,20,639.2,639.2,350,289.2,Ahmedabad,Gujarat,UPI,Delivered
ORD100849,CUST1030,Pooja Jain,17-01-2030,Notebook Set,Stationery,2,499,15,424.15,848.3,420,428.3,Chennai,Tamil Nadu,Cash On Delivery,Delivered
ORD101526,CUST1448,Pooja Jain,18-01-2030,Coffee Maker,Home & Kitchen,1,3499,5,3324.05,3324.05,2100,1224.05,Jaipur,Rajasthan,Debit Card,Delivered
ORD101721,CUST1009,Priya Verma,19-01-2030,Wireless Mouse,Electronics,2,899,0,899,1798,1040,758,Pune,Maharashtra,Credit Card,Returned
ORD100754,CUST1206,Arjun Gupta,20-01-2030,Wireless Mouse,Electronics,1,899,20,719.2,719.2,520,199.2,Noida,Uttar Pradesh,Cash On Delivery,Delivered
ORD100499,CUST1030,Pooja Jain,21-01-2030,Water Bottle,Home & Kitchen,1,799,5,759.05,759.05,350,409.05,Chennai,Tamil Nadu,UPI,Delivered
ORD100012,CUST1356,Sneha Mehta,22-01-2030,Running Shoes,Footwear,1,2999,5,2849.05,2849.05,1750,1099.05,Gurugram,Haryana,Credit Card,Delivered
ORD100397,CUST1410,Sneha Yadav,23-01-2030,Power Bank,Electronics,1,1599,15,1359.15,1359.15,900,459.15,Ahmedabad,Gujarat,UPI,Delivered
ORD100285,CUST1194,Vivaan Chauhan,24-01-2030,Running Shoes,Footwear,1,2999,15,2549.15,2549.15,1750,799.15,Pune,Maharashtra,UPI,Delivered
ORD101067,CUST1065,Ananya Jain,25-01-2030,Denim Jeans,Fashion,2,1999,20,1599.2,3198.4,2100,1098.4,Indore,Madhya Pradesh,Net Banking,Cancelled
ORD101192,CUST1299,Ananya Malhotra,26-01-2030,Water Bottle,Home & Kitchen,1,799,20,639.2,639.2,350,289.2,Ahmedabad,Gujarat,Debit Card,Delivered
ORD100691,CUST1276,Riya Kumar,27-01-2030,Laptop Backpack,Accessories,1,1799,15,1529.15,1529.15,950,579.15,Pune,Maharashtra,Net Banking,Returned
ORD101472,CUST1008,Pooja Malhotra,28-01-2030,Office Chair,Furniture,1,7499,15,6374.15,6374.15,4800,1574.15,Noida,Uttar Pradesh,Credit Card,Delivered
ORD101687,CUST1424,Arjun Sharma,29-01-2030,Coffee Maker,Home & Kitchen,1,3499,10,3149.1,3149.1,2100,1049.1,Chandigarh,Chandigarh,Cash On Delivery,Delivered
ORD100690,CUST1316,Pooja Kumar,30-01-2030,Phone Case,Accessories,2,699,20,559.2,1118.4,560,558.4,Gurugram,Haryana,Credit Card,Returned
ORD100852,CUST1239,Riya Sharma,31-01-2030,Air Fryer,Home & Kitchen,2,5999,20,4799.2,9598.4,7600,1998.4,Lucknow,Uttar Pradesh,Credit Card,Delivered
ORD100160,CUST1322,Simran Singh,01-02-2030,Power Bank,Electronics,1,1599,5,1519.05,1519.05,900,619.05,Chennai,Tamil Nadu,Debit Card,Delivered
ORD100896,CUST1023,Vivaan Yadav,02-02-2030,Water Bottle,Home & Kitchen,1,799,15,679.15,679.15,350,329.15,Bengaluru,Karnataka,UPI,Delivered
ORD101421,CUST1396,Vivaan Singh,03-02-2030,Cotton T-Shirt,Fashion,1,999,20,799.2,799.2,480,319.2,Hyderabad,Telangana,Credit Card,Delivered
ORD100258,CUST1423,Aarav Sharma,04-02-2030,Study Table,Furniture,1,5999,15,5099.15,5099.15,3600,1499.15,Chennai,Tamil Nadu,UPI,Delivered
ORD100336,CUST1400,Rahul Singh,05-02-2030,Bluetooth Headphones,Electronics,2,2499,10,2249.1,4498.2,2900,1598.2,Delhi,Delhi,Debit Card,Delivered
ORD101691,CUST1213,Ankit Verma,06-02-2030,Phone Case,Accessories,1,699,18,594.15,594.15,280,314.15,Noida,Uttar Pradesh,Credit Card,Delivered
ORD101040,CUST1274,Ankit Mehta,07-02-2030,Study Table,Furniture,1,5999,5,5699.05,5699.05,3600,2099.05,Noida,Uttar Pradesh,UPI,Delivered
ORD100516,CUST1055,Mohit Malhotra,08-02-2030,Phone Case,Accessories,1,699,10,629.1,629.1,280,349.1,Lucknow,Uttar Pradesh,Debit Card,Delivered
ORD101016,CUST1104,Kavya Yadav,09-02-2030,Wireless Mouse,Electronics,1,899,20,719.2,719.2,520,199.2,Chandigarh,Chandigarh,Net Banking,Delivered
ORD100769,CUST1104,Kavya Yadav,10-02-2030,Running Shoes,Footwear,1,2999,10,2699.1,2699.1,1750,949.1,Chandigarh,Chandigarh,Net Banking,Delivered
ORD101575,CUST1238,Neha Malhotra,11-02-2030,Hoodie,Fashion,2,1799,15,1529.15,3058.3,1800,1258.3,Pune,Maharashtra,Net Banking,Delivered
ORD100762,CUST1202,Rahul Yadav,12-02-2030,Denim Jeans,Fashion,2,1999,20,1599.2,3198.4,2100,1098.4,Hyderabad,Telangana,Credit Card,Cancelled
ORD101247,CUST1292,Aditya Sharma,13-02-2030,Notebook Set,Stationery,2,499,20,399.2,798.4,420,378.4,Mumbai,Maharashtra,Cash On Delivery,Delivered
ORD101204,CUST1266,Ananya Verma,14-02-2030,Denim Jeans,Fashion,1,1999,25,1499.25,1499.25,1050,449.25,Gurugram,Haryana,Cash On Delivery,Delivered
ORD101513,CUST1004,Vivaan Jain,15-02-2030,Smart Watch,Electronics,3,3999,15,3399.15,10197.45,7500,2697.45,Chandigarh,Chandigarh,Net Banking,Delivered
ORD101784,CUST1339,Ananya Sharma,16-02-2030,Coffee Maker,Home & Kitchen,1,3499,25,2624.25,2624.25,2100,524.25,Mumbai,Maharashtra,Net Banking,Delivered
ORD100522,CUST1286,Isha Singh,17-02-2030,Water Bottle,Electronics,1,799,10,719.1,719.1,350,369.1,Mumbai,Maharashtra,UPI,Delivered
ORD100023,CUST1036,Kavya Verma,18-02-2030,Casual Sneakers,Footwear,2,2499,10,2249.1,4498.2,2800,1698.2,Indore,Madhya Pradesh,Net Banking,Delivered
ORD100357,CUST1427,Nisha Gupta,19-02-2030,Hoodie,Fashion,1,1799,5,1709.05,1709.05,900,809.05,Jaipur,Rajasthan,Credit Card,Delivered
ORD101278,CUST1199,Aarav Verma,20-02-2030,Laptop Backpack,Accessories,1,1799,10,1619.1,1619.1,950,669.1,Delhi,Delhi,UPI,Delivered
ORD101520,CUST1388,Riya Yadav,21-02-2030,Denim Jeans,Fashion,1,1999,30,1399.3,1399.3,1050,349.3,Faridabad,Haryana,Net Banking,Delivered
ORD100341,CUST1019,Simran Chauhan,22-02-2030,Smart Watch,Electronics,3,3999,15,3399.15,10197.45,7500,2697.45,Faridabad,Haryana,UPI,Delivered
ORD100432,CUST1059,Aarav Verma,23-02-2030,USB-C Hub,Electronics,1,1499,15,1274.15,1274.15,820,454.15,Indore,Madhya Pradesh,Cash On Delivery,Delivered
ORD100474,CUST1405,Vikram Yadav,24-02-2030,Casual Sneakers,Footwear,3,2499,20,1999.2,5997.6,4200,1797.6,Kolkata,West Bengal,Debit Card,Delivered
ORD100218,CUST1372,Neha Gupta,25-02-2030,Running Shoes,Footwear,1,2999,5,2849.05,2849.05,1750,1099.05,Gurugram,Haryana,UPI,Delivered
ORD100912,CUST1439,Priya Malhotra,26-02-2030,Notebook Set,Stationery,3,499,10,449.1,1347.3,630,717.3,Lucknow,Uttar Pradesh,Debit Card,Delivered
ORD101228,CUST1343,Arjun Chauhan,27-02-2030,Laptop Backpack,Accessories,1,1799,10,1619.1,1619.1,950,669.1,Indore,Madhya Pradesh,UPI,Delivered
ORD101554,CUST1323,Kavya Kumar,28-02-2030,Air Fryer,Home & Kitchen,1,5999,10,5399.1,5399.1,3800,1599.1,Indore,Madhya Pradesh,Debit Card,Cancelled
ORD101012,CUST1069,Neha Sharma,01-03-2030,Mechanical Keyboard,Electronics,3,3299,15,2804.15,8412.45,5850,2562.45,Chandigarh,Chandigarh,Cash On Delivery,Delivered
ORD101751,CUST1429,Rohan Sharma,02-03-2030,Air Fryer,Home & Kitchen,1,5999,10,5399.1,5399.1,3800,1599.1,Jaipur,Rajasthan,Net Banking,Cancelled
ORD100094,CUST1344,Ankit Mehta,03-03-2030,Casual Sneakers,Footwear,2,2499,20,1999.2,3998.4,2800,1198.4,Hyderabad,Telangana,Cash On Delivery,Delivered
ORD101009,CUST1181,Riya Chauhan,04-03-2030,Laptop Backpack,Accessories,2,1799,30,1259.3,2518.6,1900,618.6,Chandigarh,Chandigarh,UPI,Delivered
ORD101071,CUST1048,Simran Gupta,05-03-2030,Desk Lamp,Home & Kitchen,1,1299,5,1234.05,1234.05,650,584.05,Noida,Uttar Pradesh,Cash On Delivery,Delivered
ORD101093,CUST1377,Vivaan Yadav,06-03-2030,USB-C Hub,Electronics,3,1499,5,1424.05,4272.15,2460,1812.15,Kolkata,West Bengal,UPI,Delivered
ORD101624,CUST1362,Riya Verma,07-03-2030,Desk Lamp,Home & Kitchen,2,1299,10,1169.1,2338.2,1300,1038.2,Chandigarh,Chandigarh,Net Banking,Delivered
ORD100697,CUST1025,Sneha Malhotra,08-03-2030,Wireless Mouse,Electronics,3,899,0,899,2697,1560,1137,Faridabad,Haryana,Debit Card,Delivered
ORD101615,CUST1330,Vivaan Gupta,09-03-2030,Cotton T-Shirt,Fashion,2,999,20,799.2,1598.4,960,638.4,Mumbai,Maharashtra,Net Banking,Delivered
ORD100997,CUST1433,Riya Jain,10-03-2030,USB-C Hub,Electronics,3,1499,20,1199.2,3597.6,2460,1137.6,Bengaluru,Karnataka,UPI,Delivered
ORD100154,CUST1019,Simran Chauhan,11-03-2030,USB-C Hub,Electronics,1,1499,5,1424.05,1424.05,820,604.05,Faridabad,Haryana,UPI,Delivered
ORD101100,CUST1299,Ananya Malhotra,12-03-2030,Phone Case,Accessories,1,699,10,629.1,629.1,280,349.1,Ahmedabad,Gujarat,Debit Card,Delivered
ORD101553,CUST1293,Ankit Yadav,13-03-2030,Air Fryer,Home & Kitchen,1,5999,20,4799.2,4799.2,3800,999.2,Noida,Uttar Pradesh,Cash On Delivery,Delivered
ORD101798,CUST1287,Karan Sharma,14-03-2030,Casual Sneakers,Footwear,2,2499,10,2249.1,4498.2,2800,1698.2,Noida,Uttar Pradesh,Cash On Delivery,Delivered
ORD100790,CUST1128,Sneha Verma,15-03-2030,USB-C Hub,Electronics,3,1499,15,1274.15,3822.45,2460,1362.45,Mumbai,Maharashtra,Cash On Delivery,Delivered
ORD100581,CUST1270,Priya Sharma,16-03-2030,Casual Sneakers,Footwear,2,2499,10,2249.1,4498.2,2800,1698.2,Chandigarh,Chandigarh,Net Banking,Delivered
ORD100704,CUST1107,Kavya Singh,17-03-2030,Bluetooth Headphones,Electronics,2,2499,15,2124.15,4248.3,2900,1348.3,Ahmedabad,Gujarat,Cash On Delivery,Delivered
ORD101213,CUST1276,Riya Kumar,18-03-2030,Phone Case,Accessories,1,699,15,594.15,594.15,280,314.15,Pune,Maharashtra,Net Banking,Delivered
ORD101296,CUST1095,Rohan Kumar,19-03-2030,Office Chair,Furniture,2,7499,30,5249.3,10498.6,9600,898.6,Hyderabad,Telangana,Debit Card,Delivered
ORD101505,CUST1068,Kavya Kumar,20-03-2030,Hoodie,Fashion,2,1799,5,1709.05,3418.1,1800,1618.1,Mumbai,Maharashtra,Debit Card,Delivered
ORD101261,CUST1371,Riya Malhotra,21-03-2030,Wireless Mouse,Electronics,2,899,5,854.05,1708.1,1040,668.1,Pune,Maharashtra,Net Banking,Delivered
ORD100488,CUST1127,Arjun Kumar,22-03-2030,Running Shoes,Footwear,1,2999,20,2399.2,2399.2,1750,649.2,Gurugram,Haryana,Net Banking,Delivered
ORD100560,CUST1368,Rohan Jain,23-03-2030,Cotton T-Shirt,Fashion,1,999,15,849.15,849.15,480,369.15,Pune,Maharashtra,Debit Card,Delivered
ORD101142,CUST1231,Pooja Verma,24-03-2030,Coffee Maker,Home & Kitchen,3,3499,15,2974.15,8922.45,6300,2622.45,Bengaluru,Karnataka,Net Banking,Delivered
ORD101120,CUST1367,Isha Malhotra,25-03-2030,Denim Jeans,Fashion,1,1999,15,1699.15,1699.15,1050,649.15,Delhi,Delhi,UPI,Delivered
ORD100802,CUST1323,Kavya Kumar,26-03-2030,Power Bank,Electronics,1,1599,20,1279.2,1279.2,900,379.2,Indore,Madhya Pradesh,Net Banking,Returned
ORD100513,CUST1007,Pooja Malhotra,27-03-2030,Smart Watch,Electronics,3,3999,10,3599.1,10797.3,7500,3297.3,Bengaluru,Karnataka,Credit Card,Delivered
ORD100634,CUST1161,Rahul Verma,28-03-2030,Water Bottle,Home & Kitchen,2,799,15,679.15,1358.3,700,658.3,Lucknow,Uttar Pradesh,Net Banking,Returned
ORD101331,CUST1245,Kavya Jain,29-03-2030,Running Shoes,Footwear,3,2999,10,2699.1,8097.3,5250,2847.3,Mumbai,Maharashtra,Credit Card,Delivered
ORD101610,CUST1208,Aarav Jain,30-03-2030,Notebook Set,Stationery,1,499,20,399.2,399.2,210,189.2,Chandigarh,Chandigarh,Net Banking,Delivered
ORD101151,CUST1412,Aditya Jain,31-03-2030,Wireless Mouse,Electronics,1,899,10,809.1,809.1,520,289.1,Pune,Maharashtra,Debit Card,Delivered
ORD100791,CUST1286,Isha Singh,01-04-2030,Study Table,Furniture,2,5999,10,5399.1,10798.2,7200,3598.2,Mumbai,Maharashtra,UPI,Delivered
ORD100117,CUST1090,Isha Mehta,02-04-2030,Desk Lamp,Home & Kitchen,2,1299,20,1039.2,2078.4,1300,778.4,Lucknow,Uttar Pradesh,Debit Card,Returned
ORD100741,CUST1095,Rohan Kumar,03-04-2030,Laptop Backpack,Accessories,2,1799,5,1709.05,3418.1,1900,1518.1,Hyderabad,Telangana,Cash On Delivery,Delivered
ORD101082,CUST1031,Isha Malhotra,04-04-2030,Laptop Backpack,Accessories,1,1799,15,1529.15,1529.15,950,579.15,Chennai,Tamil Nadu,UPI,Delivered
ORD100831,CUST1133,Nisha Mehta,05-04-2030,Cotton T-Shirt,Fashion,1,999,10,899.1,899.1,480,419.1,Jaipur,Rajasthan,Net Banking,Returned
ORD100120,CUST1131,Kavya Verma,06-04-2030,Phone Case,Accessories,1,699,10,629.1,629.1,280,349.1,Hyderabad,Telangana,Debit Card,Delivered
ORD100657,CUST1021,Arjun Malhotra,07-04-2030,Office Chair,Furniture,4,7499,25,5624.25,22497,19200,3297,Chandigarh,Chandigarh,UPI,Delivered
ORD101712,CUST1419,Riya Verma,08-04-2030,Bluetooth Headphones,Electronics,2,2499,15,2124.15,4248.3,2900,1348.3,Bengaluru,Karnataka,Cash On Delivery,Delivered
ORD100636,CUST1239,Riya Sharma,09-04-2030,Cotton T-Shirt,Fashion,1,999,10,899.1,899.1,480,419.1,Lucknow,Uttar Pradesh,Credit Card,Delivered
ORD100370,CUST1159,Pooja Malhotra,10-04-2030,Laptop Backpack,Accessories,1,1799,10,1619.1,1619.1,950,669.1,Bengaluru,Karnataka,Net Banking,Returned
ORD100269,CUST1244,Rahul Mehta,11-04-2030,Hoodie,Fashion,1,1799,0,1799,1799,900,899,Ahmedabad,Gujarat,Net Banking,Delivered
ORD100656,CUST1052,Riya Sharma,12-04-2030,Cotton T-Shirt,Fashion,3,999,25,749.25,2247.75,1440,807.75,Mumbai,Maharashtra,Net Banking,Delivered
ORD100936,CUST1215,Aarav Malhotra,13-04-2030,Power Bank,Electronics,2,1599,15,1359.15,2718.3,1800,918.3,Noida,Uttar Pradesh,Net Banking,Returned
ORD100823,CUST1428,Karan Chauhan,14-04-2030,Desk Lamp,Home & Kitchen,1,1299,20,1039.2,1039.2,650,389.2,Gurugram,Haryana,UPI,Delivered
ORD100867,CUST1295,Riya Chauhan,15-04-2030,Cotton T-Shirt,Fashion,2,999,15,849.15,1698.3,960,738.3,Hyderabad,Telangana,Net Banking,Delivered
ORD100047,CUST1111,Aditya Singh,16-04-2030,Water Bottle,Home & Kitchen,1,799,5,759.05,759.05,350,409.05,Mumbai,Maharashtra,Credit Card,Delivered
ORD101543,CUST1153,Priya Verma,17-04-2030,Casual Sneakers,Footwear,4,2499,15,2124.15,8496.6,5600,2896.6,Hyderabad,Telangana,Debit Card,Delivered
ORD100992,CUST1108,Pooja Gupta,18-04-2030,Cotton T-Shirt,Electronics,1,999,10,899.1,899.1,480,419.1,Hyderabad,Telangana,UPI,Delivered
ORD100877,CUST1247,Kavya Jain,19-04-2030,Mechanical Keyboard,Electronics,1,3299,15,2804.15,2804.15,1950,854.15,Hyderabad,Telangana,Net Banking,Delivered
ORD100774,CUST1415,Simran Sharma,20-04-2030,Wireless Mouse,Electronics,1,899,30,629.3,629.3,520,109.3,Chandigarh,Chandigarh,Debit Card,Delivered
ORD101220,CUST1018,Simran Sharma,21-04-2030,Running Shoes,Footwear,1,2999,15,2549.15,2549.15,1750,799.15,Lucknow,Uttar Pradesh,Cash On Delivery,Delivered
ORD101800,CUST1247,Kavya Jain,22-04-2030,Mechanical Keyboard,Electronics,3,3299,25,2474.25,7422.75,5850,1572.75,Hyderabad,Telangana,Debit Card,Delivered
ORD100005,CUST1138,Ankit Singh,23-04-2030,Hoodie,Fashion,2,1799,15,1529.15,3058.3,1800,1258.3,Delhi,Delhi,Net Banking,Delivered
ORD101004,CUST1114,Riya Mehta,24-04-2030,Hoodie,Fashion,1,1799,15,1529.15,1529.15,900,629.15,Mumbai,Maharashtra,Cash On Delivery,Delivered
ORD101556,CUST1444,Vivaan Verma,25-04-2030,Power Bank,Electronics,1,1599,5,1519.05,1519.05,900,619.05,Chennai,Tamil Nadu,Cash On Delivery,Delivered
ORD100264,CUST1203,Mohit Mehta,26-04-2030,Bluetooth Headphones,Electronics,2,2499,10,2249.1,4498.2,2900,1598.2,Chandigarh,Chandigarh,UPI,Delivered
ORD101415,CUST1314,Rahul Kumar,27-04-2030,Office Chair,Furniture,1,7499,15,6374.15,6374.15,4800,1574.15,Chandigarh,Chandigarh,Credit Card,Delivered
ORD101648,CUST1383,Vikram Malhotra,28-04-2030,Casual Sneakers,Footwear,1,2499,15,2124.15,2124.15,1400,724.15,Pune,Maharashtra,Debit Card,Delivered
ORD100444,CUST1088,Sneha Singh,29-04-2030,Smart Watch,Electronics,4,3999,15,3399.15,13596.6,10000,3596.6,Mumbai,Maharashtra,Net Banking,Returned
ORD101003,CUST1375,Rahul Verma,30-04-2030,Wireless Mouse,Electronics,1,899,5,854.05,854.05,520,334.05,Lucknow,Uttar Pradesh,Net Banking,Cancelled
ORD101078,CUST1334,Priya Chauhan,01-05-2030,Study Table,Furniture,1,5999,5,5699.05,5699.05,3600,2099.05,Lucknow,Uttar Pradesh,Debit Card,Delivered
ORD100838,CUST1364,Pooja Sharma,02-05-2030,Hoodie,Fashion,3,1799,10,1619.1,4857.3,2700,2157.3,Ahmedabad,Gujarat,Net Banking,Delivered
ORD101613,CUST1034,Isha Kumar,03-05-2030,Mechanical Keyboard,Electronics,1,3299,10,2969.1,2969.1,1950,1019.1,Kolkata,West Bengal,Net Banking,Delivered
ORD100305,CUST1082,Ankit Singh,04-05-2030,Notebook Set,Stationery,1,499,15,424.15,424.15,210,214.15,Jaipur,Rajasthan,Credit Card,Delivered
ORD101403,CUST1313,Neha Gupta,05-05-2030,Notebook Set,Stationery,1,499,15,424.15,424.15,210,214.15,Bengaluru,Karnataka,Credit Card,Delivered
ORD100314,CUST1211,Isha Jain,06-05-2030,Mechanical Keyboard,Electronics,1,3299,10,2969.1,2969.1,1950,1019.1,Kolkata,West Bengal,Credit Card,Delivered
ORD100150,CUST1198,Pooja Chauhan,07-05-2030,Coffee Maker,Home & Kitchen,1,3499,10,3149.1,3149.1,2100,1049.1,Lucknow,Uttar Pradesh,Credit Card,Delivered
ORD101149,CUST1419,Riya Verma,08-05-2030,Laptop Backpack,Accessories,1,1799,5,1709.05,1709.05,950,759.05,Bengaluru,Karnataka,Cash On Delivery,Delivered
ORD101214,CUST1131,Kavya Verma,09-05-2030,Office Chair,Furniture,1,7499,0,7499,7499,4800,2699,Hyderabad,Telangana,UPI,Delivered
ORD100575,CUST1294,Sneha Sharma,10-05-2030,Denim Jeans,Fashion,1,1999,30,1399.3,1399.3,1050,349.3,Jaipur,Rajasthan,UPI,Cancelled
ORD100051,CUST1037,Mohit Verma,11-05-2030,Mechanical Keyboard,Electronics,1,3299,20,2639.2,2639.2,1950,689.2,Noida,Uttar Pradesh,Debit Card,Delivered
ORD101606,CUST1192,Isha Gupta,12-05-2030,Mechanical Keyboard,Electronics,1,3299,5,3134.05,3134.05,1950,1184.05,Bengaluru,Karnataka,Credit Card,Delivered
ORD100727,CUST1092,Mohit Jain,13-05-2030,Smart Watch,Electronics,1,3999,10,3599.1,3599.1,2500,1099.1,Chennai,Tamil Nadu,Cash On Delivery,Delivered
ORD100834,CUST1007,Pooja Malhotra,14-05-2030,Desk Lamp,Home & Kitchen,1,1299,10,1169.1,1169.1,650,519.1,Bengaluru,Karnataka,Debit Card,Delivered
ORD101116,CUST1079,Aditya Mehta,15-05-2030,Notebook Set,Stationery,1,499,10,449.1,449.1,210,239.1,Pune,Maharashtra,Credit Card,Returned
ORD101167,CUST1090,Isha Mehta,16-05-2030,Wireless Mouse,Electronics,3,899,0,899,2697,1560,1137,Lucknow,Uttar Pradesh,Debit Card,Delivered
ORD100471,CUST1187,Ankit Kumar,17-05-2030,Smart Watch,Electronics,1,3999,20,3199.2,3199.2,2500,699.2,Ahmedabad,Gujarat,Net Banking,Delivered
ORD100972,CUST1329,Kavya Jain,18-05-2030,Running Shoes,Footwear,2,2999,15,2549.15,5098.3,3500,1598.3,Noida,Uttar Pradesh,Credit Card,Cancelled
ORD100654,CUST1162,Neha Yadav,19-05-2030,Bluetooth Headphones,Electronics,1,2499,5,2374.05,2374.05,1450,924.05,Jaipur,Rajasthan,Net Banking,Delivered
ORD100400,CUST1136,Karan Sharma,20-05-2030,Study Table,Furniture,1,5999,10,5399.1,5399.1,3600,1799.1,Lucknow,Uttar Pradesh,Debit Card,Delivered
ORD100512,CUST1076,Simran Gupta,21-05-2030,Cotton T-Shirt,Fashion,1,999,15,849.15,849.15,480,369.15,Faridabad,Haryana,UPI,Delivered
ORD100321,CUST1021,Arjun Malhotra,22-05-2030,Wireless Mouse,Electronics,1,899,5,854.05,854.05,520,334.05,Chandigarh,Chandigarh,Cash On Delivery,Delivered
ORD100020,CUST1214,Simran Chauhan,23-05-2030,USB-C Hub,Electronics,1,1499,15,1274.15,1274.15,820,454.15,Mumbai,Maharashtra,Cash On Delivery,Delivered
ORD100685,CUST1091,Isha Verma,24-05-2030,Running Shoes,Footwear,1,2999,15,2549.15,2549.15,1750,799.15,Pune,Maharashtra,Net Banking,Returned
ORD100036,CUST1120,Rahul Jain,25-05-2030,Laptop Backpack,Accessories,1,1799,20,1439.2,1439.2,950,489.2,Gurugram,Haryana,Cash On Delivery,Delivered
ORD100903,CUST1056,Karan Malhotra,26-05-2030,Desk Lamp,Home & Kitchen,1,1299,15,1104.15,1104.15,650,454.15,Kolkata,West Bengal,Cash On Delivery,Delivered
ORD100828,CUST1081,Nisha Jain,27-05-2030,Hoodie,Fashion,2,1799,15,1529.15,3058.3,1800,1258.3,Chennai,Tamil Nadu,Cash On Delivery,Delivered
ORD101618,CUST1411,Aarav Jain,28-05-2030,Office Chair,Furniture,1,7499,10,6749.1,6749.1,4800,1949.1,Hyderabad,Telangana,Net Banking,Delivered
ORD100408,CUST1361,Aditya Yadav,29-05-2030,Phone Case,Accessories,1,699,10,629.1,629.1,280,349.1,Faridabad,Haryana,UPI,Cancelled
ORD100921,CUST1444,Vivaan Verma,30-05-2030,Air Fryer,Home & Kitchen,1,5999,20,4799.2,4799.2,3800,999.2,Chennai,Tamil Nadu,UPI,Delivered
ORD100538,CUST1388,Riya Yadav,31-05-2030,Running Shoes,Footwear,1,2999,15,2549.15,2549.15,1750,799.15,Faridabad,Haryana,Debit Card,Delivered
ORD100759,CUST1390,Karan Chauhan,01-06-2030,Laptop Backpack,Accessories,1,1799,15,1529.15,1529.15,950,579.15,Kolkata,West Bengal,Cash On Delivery,Delivered
ORD101063,CUST1306,Riya Singh,02-06-2030,Casual Sneakers,Footwear,1,2499,10,2249.1,2249.1,1400,849.1,Chandigarh,Chandigarh,Cash On Delivery,Delivered
ORD101200,CUST1005,Rohan Sharma,03-06-2030,Casual Sneakers,Footwear,1,2499,15,2124.15,2124.15,1400,724.15,Bengaluru,Karnataka,Debit Card,Delivered
ORD100246,CUST1416,Rohan Gupta,04-06-2030,Office Chair,Furniture,1,7499,20,5999.2,5999.2,4800,1199.2,Mumbai,Maharashtra,UPI,Delivered
ORD101128,CUST1387,Aarav Malhotra,05-06-2030,Laptop Backpack,Accessories,2,1799,25,1349.25,2698.5,1900,798.5,Chandigarh,Chandigarh,UPI,Delivered
ORD100785,CUST1060,Rohan Verma,06-06-2030,Phone Case,Accessories,1,699,5,664.05,664.05,280,384.05,Bengaluru,Karnataka,Credit Card,Delivered
ORD100490,CUST1293,Ankit Yadav,07-06-2030,Laptop Backpack,Accessories,1,1799,10,1619.1,1619.1,950,669.1,Noida,Uttar Pradesh,Debit Card,Delivered
ORD100155,CUST1067,Vivaan Mehta,08-06-2030,Office Chair,Furniture,3,7499,15,6374.15,19122.45,14400,4722.45,Kolkata,West Bengal,Net Banking,Delivered
ORD100962,CUST1342,Nisha Yadav,09-06-2030,Wireless Mouse,Electronics,1,899,10,809.1,809.1,520,289.1,Lucknow,Uttar Pradesh,Credit Card,Cancelled
ORD100854,CUST1180,Vivaan Malhotra,10-06-2030,Desk Lamp,Home & Kitchen,1,1299,15,1104.15,1104.15,650,454.15,Ahmedabad,Gujarat,Cash On Delivery,Delivered
ORD101312,CUST1432,Aditya Malhotra,11-06-2030,Running Shoes,Footwear,1,2999,5,2849.05,2849.05,1750,1099.05,Jaipur,Rajasthan,Credit Card,Delivered
ORD100626,CUST1060,Rohan Verma,12-06-2030,Wireless Mouse,Electronics,1,899,10,809.1,809.1,520,289.1,Bengaluru,Haryana,UPI,Delivered
ORD100686,CUST1198,Pooja Chauhan,13-06-2030,Mechanical Keyboard,Electronics,2,3299,15,2804.15,5608.3,3900,1708.3,Lucknow,Uttar Pradesh,Credit Card,Returned
ORD101407,CUST1347,Isha Yadav,14-06-2030,Hoodie,Fashion,1,1799,15,1529.15,1529.15,900,629.15,Ahmedabad,Gujarat,Credit Card,Delivered
ORD100570,CUST1238,Neha Malhotra,15-06-2030,Hoodie,Fashion,2,1799,5,1709.05,3418.1,1800,1618.1,Pune,Maharashtra,Credit Card,Delivered
ORD101713,CUST1111,Aditya Singh,16-06-2030,Running Shoes,Footwear,1,2999,15,2549.15,2549.15,1750,799.15,Mumbai,Maharashtra,Net Banking,Returned
ORD100018,CUST1389,Ankit Verma,17-06-2030,Coffee Maker,Home & Kitchen,1,3499,0,3499,3499,2100,1399,Gurugram,Haryana,UPI,Returned
ORD100128,CUST1382,Isha Yadav,18-06-2030,Casual Sneakers,Footwear,3,2499,15,2124.15,6372.45,4200,2172.45,Lucknow,Uttar Pradesh,UPI,Delivered
ORD101347,CUST1365,Mohit Jain,19-06-2030,Wireless Mouse,Electronics,3,899,15,764.15,2292.45,1560,732.45,Faridabad,Haryana,Debit Card,Delivered
ORD101280,CUST1042,Arjun Chauhan,20-06-2030,Water Bottle,Home & Kitchen,1,799,10,719.1,719.1,350,369.1,Bengaluru,Karnataka,Debit Card,Delivered
ORD101769,CUST1237,Ankit Singh,21-06-2030,Power Bank,Electronics,3,1599,10,1439.1,4317.3,2700,1617.3,Jaipur,Rajasthan,Credit Card,Delivered
ORD100928,CUST1171,Neha Gupta,22-06-2030,Cotton T-Shirt,Fashion,1,999,10,899.1,899.1,480,419.1,Jaipur,Rajasthan,Net Banking,Delivered
ORD100981,CUST1002,Sneha Singh,23-06-2030,Smart Watch,Electronics,4,3999,15,3399.15,13596.6,10000,3596.6,Delhi,Delhi,Cash On Delivery,Delivered
ORD101765,CUST1067,Vivaan Mehta,24-06-2030,Laptop Backpack,Accessories,1,1799,5,1709.05,1709.05,950,759.05,Kolkata,West Bengal,Cash On Delivery,Delivered
ORD100191,CUST1153,Priya Verma,25-06-2030,Coffee Maker,Home & Kitchen,1,3499,5,3324.05,3324.05,2100,1224.05,Hyderabad,Telangana,UPI,Delivered
ORD101140,CUST1206,Arjun Gupta,26-06-2030,Desk Lamp,Home & Kitchen,1,1299,30,909.3,909.3,650,259.3,Noida,Uttar Pradesh,Net Banking,Delivered
ORD100993,CUST1189,Pooja Malhotra,27-06-2030,Water Bottle,Home & Kitchen,1,799,20,639.2,639.2,350,289.2,Kolkata,West Bengal,UPI,Delivered
ORD101756,CUST1092,Mohit Jain,28-06-2030,Power Bank,Electronics,1,1599,20,1279.2,1279.2,900,379.2,Chennai,Tamil Nadu,Net Banking,Delivered
ORD101579,CUST1207,Karan Verma,29-06-2030,Casual Sneakers,Footwear,3,2499,10,2249.1,6747.3,4200,2547.3,Faridabad,Haryana,Net Banking,Delivered
ORD100607,CUST1037,Mohit Verma,30-06-2030,Laptop Backpack,Accessories,1,1799,15,1529.15,1529.15,950,579.15,Noida,Uttar Pradesh,Debit Card,Delivered
ORD100181,CUST1321,Sneha Yadav,01-07-2030,USB-C Hub,Electronics,2,1499,20,1199.2,2398.4,1640,758.4,Kolkata,West Bengal,Cash On Delivery,Cancelled
ORD100302,CUST1004,Vivaan Jain,02-07-2030,Air Fryer,Home & Kitchen,3,5999,20,4799.2,14397.6,11400,2997.6,Chandigarh,Chandigarh,UPI,Delivered
ORD100497,CUST1218,Ankit Verma,03-07-2030,Running Shoes,Footwear,1,2999,0,2999,2999,1750,1249,Chennai,Tamil Nadu,Cash On Delivery,Delivered
ORD101531,CUST1341,Pooja Verma,04-07-2030,USB-C Hub,Electronics,2,1499,15,1274.15,2548.3,1640,908.3,Hyderabad,Telangana,Cash On Delivery,Delivered
ORD101544,CUST1037,Mohit Verma,05-07-2030,Water Bottle,Home & Kitchen,1,799,10,719.1,719.1,350,369.1,Noida,Uttar Pradesh,Net Banking,Delivered
ORD101711,CUST1441,Vivaan Chauhan,06-07-2030,Notebook Set,Stationery,4,499,20,399.2,1596.8,840,756.8,Chennai,Tamil Nadu,Net Banking,Delivered
ORD101794,CUST1373,Kavya Kumar,07-07-2030,Coffee Maker,Home & Kitchen,1,3499,25,2624.25,2624.25,2100,524.25,Chandigarh,Chandigarh,UPI,Cancelled
ORD100518,CUST1003,Ankit Chauhan,08-07-2030,Bluetooth Headphones,Electronics,2,2499,0,2499,4998,2900,2098,Faridabad,Haryana,Debit Card,Delivered
ORD101785,CUST1095,Rohan Kumar,09-07-2030,Denim Jeans,Fashion,1,1999,10,1799.1,1799.1,1050,749.1,Hyderabad,Telangana,Net Banking,Delivered
ORD101070,CUST1209,Nisha Verma,10-07-2030,Phone Case,Accessories,3,699,5,664.05,1992.15,840,1152.15,Indore,Madhya Pradesh,Cash On Delivery,Cancelled
ORD100477,CUST1390,Karan Chauhan,11-07-2030,Denim Jeans,Fashion,1,1999,5,1899.05,1899.05,1050,849.05,Kolkata,West Bengal,Credit Card,Delivered
ORD100158,CUST1147,Nisha Kumar,12-07-2030,Air Fryer,Home & Kitchen,1,5999,5,5699.05,5699.05,3800,1899.05,Faridabad,Haryana,Credit Card,Delivered
ORD101244,CUST1125,Kavya Sharma,13-07-2030,Study Table,Furniture,1,5999,0,5999,5999,3600,2399,Ahmedabad,Gujarat,Credit Card,Delivered
ORD101196,CUST1334,Priya Chauhan,14-07-2030,Water Bottle,Home & Kitchen,4,799,15,679.15,2716.6,1400,1316.6,Lucknow,Uttar Pradesh,Debit Card,Delivered
ORD100017,CUST1151,Vikram Chauhan,15-07-2030,USB-C Hub,Electronics,1,1499,25,1124.25,1124.25,820,304.25,Hyderabad,Telangana,UPI,Delivered
ORD101073,CUST1166,Priya Kumar,16-07-2030,Desk Lamp,Home & Kitchen,3,1299,10,1169.1,3507.3,1950,1557.3,Pune,Maharashtra,Credit Card,Delivered
ORD101772,CUST1177,Karan Singh,17-07-2030,Hoodie,Fashion,2,1799,25,1349.25,2698.5,1800,898.5,Jaipur,Rajasthan,Debit Card,Returned
ORD100547,CUST1368,Rohan Jain,18-07-2030,Notebook Set,Stationery,1,499,10,449.1,449.1,210,239.1,Pune,Maharashtra,Debit Card,Delivered
ORD100659,CUST1152,Aarav Chauhan,19-07-2030,Bluetooth Headphones,Electronics,1,2499,5,2374.05,2374.05,1450,924.05,Pune,Maharashtra,Debit Card,Delivered
ORD101467,CUST1010,Riya Singh,20-07-2030,Coffee Maker,Home & Kitchen,1,3499,20,2799.2,2799.2,2100,699.2,Gurugram,Haryana,Cash On Delivery,Delivered
ORD101020,CUST1367,Isha Malhotra,21-07-2030,Notebook Set,Stationery,3,499,10,449.1,1347.3,630,717.3,Delhi,Delhi,Debit Card,Delivered
ORD101502,CUST1379,Pooja Kumar,22-07-2030,Mechanical Keyboard,Electronics,2,3299,15,2804.15,5608.3,3900,1708.3,Delhi,Delhi,UPI,Delivered
ORD100960,CUST1168,Mohit Chauhan,23-07-2030,Study Table,Furniture,1,5999,25,4499.25,4499.25,3600,899.25,Kolkata,West Bengal,Credit Card,Delivered
ORD101693,CUST1185,Aarav Malhotra,24-07-2030,Water Bottle,Home & Kitchen,1,799,15,679.15,679.15,350,329.15,Faridabad,Haryana,Credit Card,Delivered
ORD100284,CUST1294,Sneha Sharma,25-07-2030,Casual Sneakers,Footwear,2,2499,15,2124.15,4248.3,2800,1448.3,Jaipur,Rajasthan,Credit Card,Returned
ORD100798,CUST1131,Kavya Verma,26-07-2030,Water Bottle,Home & Kitchen,3,799,10,719.1,2157.3,1050,1107.3,Hyderabad,Telangana,UPI,Delivered
ORD101468,CUST1140,Vivaan Sharma,27-07-2030,Phone Case,Accessories,2,699,15,594.15,1188.3,560,628.3,Ahmedabad,Gujarat,Credit Card,Delivered
ORD100226,CUST1201,Nisha Malhotra,28-07-2030,Study Table,Furniture,2,5999,5,5699.05,11398.1,7200,4198.1,Hyderabad,Telangana,Net Banking,Delivered
ORD100027,CUST1350,Vivaan Sharma,29-07-2030,Smart Watch,Electronics,2,3999,5,3799.05,7598.1,5000,2598.1,Indore,Madhya Pradesh,Debit Card,Returned
ORD101595,CUST1437,Aditya Verma,30-07-2030,Casual Sneakers,Footwear,2,2499,10,2249.1,4498.2,2800,1698.2,Kolkata,West Bengal,Debit Card,Delivered
ORD100438,CUST1441,Vivaan Chauhan,31-07-2030,Cotton T-Shirt,Fashion,1,999,10,899.1,899.1,480,419.1,Chennai,Tamil Nadu,UPI,Delivered
ORD101750,CUST1030,Pooja Jain,01-08-2030,Bluetooth Headphones,Electronics,1,2499,15,2124.15,2124.15,1450,674.15,Chennai,Tamil Nadu,Credit Card,Delivered
ORD101389,CUST1394,Aarav Jain,02-08-2030,Notebook Set,Stationery,1,499,15,424.15,424.15,210,214.15,Delhi,Delhi,Net Banking,Cancelled
ORD100230,CUST1325,Nisha Chauhan,03-08-2030,Power Bank,Electronics,1,1599,15,1359.15,1359.15,900,459.15,Bengaluru,Karnataka,Net Banking,Delivered
ORD100038,CUST1040,Ananya Jain,04-08-2030,Coffee Maker,Home & Kitchen,2,3499,20,2799.2,5598.4,4200,1398.4,Hyderabad,Telangana,Debit Card,Delivered
ORD100750,CUST1130,Arjun Mehta,05-08-2030,Running Shoes,Footwear,1,2999,15,2549.15,2549.15,1750,799.15,Pune,Maharashtra,Credit Card,Delivered
ORD101046,CUST1093,Mohit Singh,06-08-2030,Notebook Set,Stationery,1,499,5,474.05,474.05,210,264.05,Noida,Uttar Pradesh,Net Banking,Delivered
ORD101399,CUST1273,Riya Sharma,07-08-2030,Denim Jeans,Fashion,2,1999,10,1799.1,3598.2,2100,1498.2,Pune,Maharashtra,Net Banking,Delivered
ORD100470,CUST1180,Vivaan Malhotra,08-08-2030,Casual Sneakers,Footwear,2,2499,15,2124.15,4248.3,2800,1448.3,Ahmedabad,Gujarat,Debit Card,Delivered
ORD101528,CUST1372,Neha Gupta,09-08-2030,Desk Lamp,Home & Kitchen,1,1299,0,1299,1299,650,649,Gurugram,Haryana,Credit Card,Delivered
ORD101768,CUST1073,Nisha Chauhan,10-08-2030,Office Chair,Furniture,1,7499,10,6749.1,6749.1,4800,1949.1,Hyderabad,Telangana,Cash On Delivery,Delivered
ORD100688,CUST1142,Sneha Singh,11-08-2030,Running Shoes,Footwear,2,2999,20,2399.2,4798.4,3500,1298.4,Ahmedabad,Haryana,Debit Card,Delivered
ORD101659,CUST1069,Neha Sharma,12-08-2030,Laptop Backpack,Accessories,1,1799,10,1619.1,1619.1,950,669.1,Chandigarh,Chandigarh,Cash On Delivery,Delivered
ORD100640,CUST1064,Vivaan Malhotra,13-08-2030,Casual Sneakers,Footwear,1,2499,5,2374.05,2374.05,1400,974.05,Faridabad,Haryana,UPI,Returned
ORD101547,CUST1440,Priya Jain,14-08-2030,Notebook Set,Stationery,1,499,20,399.2,399.2,210,189.2,Bengaluru,Karnataka,Cash On Delivery,Delivered
ORD101219,CUST1363,Kavya Verma,15-08-2030,Study Table,Furniture,2,5999,15,5099.15,10198.3,7200,2998.3,Bengaluru,Karnataka,Cash On Delivery,Delivered
ORD101159,CUST1184,Mohit Kumar,16-08-2030,Desk Lamp,Home & Kitchen,1,1299,20,1039.2,1039.2,650,389.2,Chennai,Tamil Nadu,Cash On Delivery,Cancelled
ORD101416,CUST1201,Nisha Malhotra,17-08-2030,Desk Lamp,Home & Kitchen,1,1299,25,974.25,974.25,650,324.25,Hyderabad,Telangana,Cash On Delivery,Delivered
ORD101495,CUST1289,Isha Mehta,18-08-2030,Office Chair,Furniture,1,7499,5,7124.05,7124.05,4800,2324.05,Chennai,Tamil Nadu,Cash On Delivery,Delivered
ORD101301,CUST1063,Simran Mehta,19-08-2030,Wireless Mouse,Electronics,1,899,30,629.3,629.3,520,109.3,Ahmedabad,Gujarat,Cash On Delivery,Delivered
ORD101641,CUST1366,Pooja Singh,20-08-2030,Running Shoes,Footwear,3,2999,15,2549.15,7647.45,5250,2397.45,Delhi,Delhi,UPI,Delivered
ORD100801,CUST1306,Riya Singh,21-08-2030,Smart Watch,Electronics,1,3999,5,3799.05,3799.05,2500,1299.05,Chandigarh,Chandigarh,UPI,Cancelled
ORD100161,CUST1015,Priya Singh,22-08-2030,Hoodie,Fashion,1,1799,30,1259.3,1259.3,900,359.3,Chennai,Tamil Nadu,Debit Card,Delivered
ORD100957,CUST1278,Nisha Mehta,23-08-2030,Hoodie,Fashion,1,1799,15,1529.15,1529.15,900,629.15,Noida,Uttar Pradesh,UPI,Delivered
ORD101187,CUST1036,Kavya Verma,24-08-2030,Smart Watch,Electronics,2,3999,10,3599.1,7198.2,5000,2198.2,Indore,Madhya Pradesh,UPI,Delivered
ORD100822,CUST1249,Aditya Kumar,25-08-2030,Running Shoes,Footwear,4,2999,25,2249.25,8997,7000,1997,Jaipur,Rajasthan,Debit Card,Returned
ORD101519,CUST1262,Arjun Chauhan,26-08-2030,Phone Case,Accessories,3,699,5,664.05,1992.15,840,1152.15,Hyderabad,Telangana,Net Banking,Delivered
ORD100878,CUST1252,Nisha Chauhan,27-08-2030,Laptop Backpack,Accessories,1,1799,10,1619.1,1619.1,950,669.1,Hyderabad,Telangana,UPI,Returned
ORD100914,CUST1124,Kavya Singh,28-08-2030,Smart Watch,Electronics,1,3999,10,3599.1,3599.1,2500,1099.1,Ahmedabad,Gujarat,Credit Card,Delivered
ORD100153,CUST1128,Sneha Verma,29-08-2030,Phone Case,Accessories,1,699,15,594.15,594.15,280,314.15,Mumbai,Maharashtra,Cash On Delivery,Returned
ORD101653,CUST1212,Kavya Mehta,30-08-2030,Phone Case,Accessories,1,699,0,699,699,280,419,Faridabad,Haryana,Debit Card,Returned
ORD100510,CUST1377,Vivaan Yadav,31-08-2030,Mechanical Keyboard,Electronics,2,3299,20,2639.2,5278.4,3900,1378.4,Kolkata,West Bengal,Net Banking,Delivered
ORD101136,CUST1411,Aarav Jain,01-09-2030,Air Fryer,Home & Kitchen,3,5999,20,4799.2,14397.6,11400,2997.6,Hyderabad,Telangana,Debit Card,Delivered
ORD101251,CUST1101,Vikram Yadav,02-09-2030,Laptop Backpack,Accessories,1,1799,25,1349.25,1349.25,950,399.25,Ahmedabad,Gujarat,Credit Card,Returned
ORD101503,CUST1052,Riya Sharma,03-09-2030,Power Bank,Electronics,1,1599,10,1439.1,1439.1,900,539.1,Mumbai,Maharashtra,Net Banking,Delivered
ORD100104,CUST1081,Nisha Jain,04-09-2030,Cotton T-Shirt,Fashion,1,999,20,799.2,799.2,480,319.2,Chennai,Uttar Pradesh,Cash On Delivery,Cancelled
ORD101446,CUST1162,Neha Yadav,05-09-2030,Casual Sneakers,Footwear,2,2499,25,1874.25,3748.5,2800,948.5,Jaipur,Rajasthan,Net Banking,Returned
ORD101444,CUST1036,Kavya Verma,06-09-2030,Hoodie,Fashion,3,1799,5,1709.05,5127.15,2700,2427.15,Indore,Madhya Pradesh,UPI,Delivered
ORD100587,CUST1348,Vivaan Gupta,07-09-2030,Wireless Mouse,Electronics,1,899,10,809.1,809.1,520,289.1,Bengaluru,Karnataka,UPI,Delivered
ORD101593,CUST1033,Ankit Kumar,08-09-2030,Denim Jeans,Fashion,1,1999,10,1799.1,1799.1,1050,749.1,Faridabad,Haryana,Debit Card,Delivered
ORD101144,CUST1189,Pooja Malhotra,09-09-2030,Smart Watch,Electronics,2,3999,10,3599.1,7198.2,5000,2198.2,Kolkata,West Bengal,UPI,Delivered
ORD100054,CUST1174,Nisha Yadav,10-09-2030,Mechanical Keyboard,Electronics,2,3299,5,3134.05,6268.1,3900,2368.1,Hyderabad,Telangana,Debit Card,Delivered
ORD100152,CUST1088,Sneha Singh,11-09-2030,Power Bank,Electronics,1,1599,0,1599,1599,900,699,Mumbai,Maharashtra,UPI,Delivered
ORD100404,CUST1075,Riya Sharma,12-09-2030,Power Bank,Electronics,1,1599,20,1279.2,1279.2,900,379.2,Noida,Uttar Pradesh,Cash On Delivery,Cancelled
ORD101745,CUST1092,Mohit Jain,13-09-2030,Water Bottle,Home & Kitchen,1,799,20,639.2,639.2,350,289.2,Chennai,Tamil Nadu,Net Banking,Delivered
ORD100208,CUST1233,Aarav Yadav,14-09-2030,Air Fryer,Home & Kitchen,1,5999,30,4199.3,4199.3,3800,399.3,Lucknow,Uttar Pradesh,Cash On Delivery,Delivered
ORD101702,CUST1205,Isha Sharma,15-09-2030,Cotton T-Shirt,Fashion,1,999,10,899.1,899.1,480,419.1,Mumbai,Maharashtra,Cash On Delivery,Delivered
ORD101123,CUST1088,Sneha Singh,16-09-2030,Office Chair,Furniture,1,7499,25,5624.25,5624.25,4800,824.25,Mumbai,Maharashtra,Credit Card,Cancelled
ORD101635,CUST1009,Priya Verma,17-09-2030,Office Chair,Furniture,2,7499,15,6374.15,12748.3,9600,3148.3,Pune,Maharashtra,Net Banking,Returned
ORD100009,CUST1212,Kavya Mehta,18-09-2030,Laptop Backpack,Accessories,1,1799,5,1709.05,1709.05,950,759.05,Faridabad,Haryana,Net Banking,Returned
ORD101015,CUST1229,Aditya Jain,19-09-2030,Bluetooth Headphones,Electronics,1,2499,25,1874.25,1874.25,1450,424.25,Chennai,Tamil Nadu,Cash On Delivery,Returned
ORD101617,CUST1396,Vivaan Singh,20-09-2030,USB-C Hub,Electronics,1,1499,5,1424.05,1424.05,820,604.05,Hyderabad,Telangana,Credit Card,Delivered
ORD101061,CUST1307,Kavya Kumar,21-09-2030,USB-C Hub,Electronics,2,1499,10,1349.1,2698.2,1640,1058.2,Hyderabad,Telangana,UPI,Delivered
ORD100453,CUST1355,Mohit Singh,22-09-2030,Denim Jeans,Fashion,1,1999,5,1899.05,1899.05,1050,849.05,Kolkata,West Bengal,Credit Card,Delivered
ORD100254,CUST1390,Karan Chauhan,23-09-2030,USB-C Hub,Electronics,1,1499,10,1349.1,1349.1,820,529.1,Kolkata,West Bengal,UPI,Delivered
ORD101328,CUST1104,Kavya Yadav,24-09-2030,Casual Sneakers,Footwear,1,2499,10,2249.1,2249.1,1400,849.1,Chandigarh,Chandigarh,Net Banking,Delivered
ORD100897,CUST1160,Isha Malhotra,25-09-2030,Wireless Mouse,Electronics,1,899,15,764.15,764.15,520,244.15,Mumbai,Maharashtra,Debit Card,Delivered
ORD101564,CUST1154,Rahul Mehta,26-09-2030,USB-C Hub,Electronics,3,1499,10,1349.1,4047.3,2460,1587.3,Indore,Madhya Pradesh,Cash On Delivery,Delivered
ORD100881,CUST1277,Riya Kumar,27-09-2030,USB-C Hub,Electronics,1,1499,5,1424.05,1424.05,820,604.05,Mumbai,Maharashtra,Credit Card,Delivered
ORD101697,CUST1023,Vivaan Yadav,28-09-2030,Power Bank,Electronics,1,1599,5,1519.05,1519.05,900,619.05,Bengaluru,Karnataka,Credit Card,Delivered
ORD100624,CUST1007,Pooja Malhotra,29-09-2030,USB-C Hub,Electronics,1,1499,0,1499,1499,820,679,Bengaluru,Karnataka,UPI,Delivered
ORD100346,CUST1276,Riya Kumar,30-09-2030,Office Chair,Furniture,2,7499,20,5999.2,11998.4,9600,2398.4,Pune,Maharashtra,Cash On Delivery,Delivered
ORD101538,CUST1362,Riya Verma,01-10-2030,Laptop Backpack,Accessories,3,1799,15,1529.15,4587.45,2850,1737.45,Chandigarh,Chandigarh,Credit Card,Delivered
ORD100263,CUST1215,Aarav Malhotra,02-10-2030,Power Bank,Electronics,1,1599,15,1359.15,1359.15,900,459.15,Noida,Uttar Pradesh,Cash On Delivery,Delivered
ORD101322,CUST1073,Nisha Chauhan,03-10-2030,Coffee Maker,Home & Kitchen,1,3499,5,3324.05,3324.05,2100,1224.05,Hyderabad,Telangana,UPI,Returned
ORD101439,CUST1338,Neha Malhotra,04-10-2030,Denim Jeans,Fashion,1,1999,5,1899.05,1899.05,1050,849.05,Gurugram,Haryana,Debit Card,Delivered
ORD100151,CUST1088,Sneha Singh,05-10-2030,Casual Sneakers,Footwear,1,2499,0,2499,2499,1400,1099,Mumbai,Maharashtra,Net Banking,Delivered
ORD100473,CUST1058,Priya Mehta,06-10-2030,Coffee Maker,Home & Kitchen,1,3499,0,3499,3499,2100,1399,Kolkata,West Bengal,UPI,Delivered
ORD100641,CUST1289,Isha Mehta,07-10-2030,Cotton T-Shirt,Fashion,1,999,25,749.25,749.25,480,269.25,Chennai,Tamil Nadu,UPI,Delivered
ORD101783,CUST1153,Priya Verma,08-10-2030,Desk Lamp,Home & Kitchen,1,1299,15,1104.15,1104.15,650,454.15,Hyderabad,Telangana,Net Banking,Delivered
ORD101694,CUST1273,Riya Sharma,09-10-2030,Cotton T-Shirt,Fashion,3,999,10,899.1,2697.3,1440,1257.3,Pune,Maharashtra,Net Banking,Delivered
ORD100551,CUST1159,Pooja Malhotra,10-10-2030,Hoodie,Fashion,1,1799,20,1439.2,1439.2,900,539.2,Bengaluru,Karnataka,UPI,Delivered
ORD100929,CUST1061,Ankit Jain,11-10-2030,Casual Sneakers,Footwear,1,2499,25,1874.25,1874.25,1400,474.25,Noida,Uttar Pradesh,Debit Card,Delivered
ORD100489,CUST1214,Simran Chauhan,12-10-2030,Study Table,Furniture,1,5999,15,5099.15,5099.15,3600,1499.15,Mumbai,Maharashtra,Credit Card,Delivered
ORD101631,CUST1264,Isha Verma,13-10-2030,Desk Lamp,Home & Kitchen,2,1299,25,974.25,1948.5,1300,648.5,Hyderabad,Telangana,UPI,Returned
ORD101172,CUST1132,Karan Yadav,14-10-2030,Mechanical Keyboard,Electronics,4,3299,15,2804.15,11216.6,7800,3416.6,Noida,Uttar Pradesh,UPI,Delivered
ORD100147,CUST1232,Pooja Singh,15-10-2030,Mechanical Keyboard,Electronics,3,3299,5,3134.05,9402.15,5850,3552.15,Jaipur,Rajasthan,Cash On Delivery,Delivered
ORD101732,CUST1022,Pooja Kumar,16-10-2030,Study Table,Furniture,1,5999,10,5399.1,5399.1,3600,1799.1,Chennai,Tamil Nadu,Net Banking,Delivered
ORD100403,CUST1353,Aditya Mehta,17-10-2030,Coffee Maker,Home & Kitchen,1,3499,15,2974.15,2974.15,2100,874.15,Gurugram,Haryana,Credit Card,Delivered
ORD100955,CUST1215,Aarav Malhotra,18-10-2030,Mechanical Keyboard,Electronics,2,3299,10,2969.1,5938.2,3900,2038.2,Noida,Uttar Pradesh,Debit Card,Delivered
ORD101689,CUST1183,Aditya Mehta,19-10-2030,Notebook Set,Stationery,1,499,15,424.15,424.15,210,214.15,Indore,Madhya Pradesh,Net Banking,Cancelled
ORD100660,CUST1284,Rohan Gupta,20-10-2030,Phone Case,Accessories,1,699,15,594.15,594.15,280,314.15,Bengaluru,Karnataka,UPI,Delivered
ORD101373,CUST1329,Kavya Jain,21-10-2030,Phone Case,Accessories,1,699,20,559.2,559.2,280,279.2,Noida,Uttar Pradesh,UPI,Delivered
ORD100464,CUST1273,Riya Sharma,22-10-2030,Air Fryer,Home & Kitchen,2,5999,10,5399.1,10798.2,7600,3198.2,Pune,Maharashtra,Debit Card,Delivered
ORD101350,CUST1069,Neha Sharma,23-10-2030,Smart Watch,Electronics,1,3999,10,3599.1,3599.1,2500,1099.1,Chandigarh,Chandigarh,Debit Card,Delivered
ORD100187,CUST1433,Riya Jain,24-10-2030,Mechanical Keyboard,Electronics,3,3299,10,2969.1,8907.3,5850,3057.3,Bengaluru,Karnataka,Debit Card,Delivered
ORD101148,CUST1190,Vikram Gupta,25-10-2030,Wireless Mouse,Electronics,2,899,10,809.1,1618.2,1040,578.2,Noida,Uttar Pradesh,Cash On Delivery,Delivered
ORD101225,CUST1090,Isha Mehta,26-10-2030,Office Chair,Furniture,2,7499,5,7124.05,14248.1,9600,4648.1,Lucknow,Uttar Pradesh,Debit Card,Delivered
ORD100609,CUST1405,Vikram Yadav,27-10-2030,Notebook Set,Stationery,2,499,20,399.2,798.4,420,378.4,Kolkata,West Bengal,Cash On Delivery,Delivered
ORD100144,CUST1140,Vivaan Sharma,28-10-2030,Power Bank,Electronics,2,1599,5,1519.05,3038.1,1800,1238.1,Ahmedabad,Gujarat,UPI,Cancelled
ORD100752,CUST1433,Riya Jain,29-10-2030,Running Shoes,Footwear,3,2999,20,2399.2,7197.6,5250,1947.6,Bengaluru,Karnataka,Credit Card,Delivered
ORD101535,CUST1095,Rohan Kumar,30-10-2030,Hoodie,Fashion,2,1799,5,1709.05,3418.1,1800,1618.1,Hyderabad,Telangana,UPI,Delivered
ORD100982,CUST1211,Isha Jain,31-10-2030,Water Bottle,Home & Kitchen,1,799,10,719.1,719.1,350,369.1,Kolkata,West Bengal,Net Banking,Delivered
ORD100198,CUST1039,Rahul Gupta,01-11-2030,Laptop Backpack,Accessories,2,1799,20,1439.2,2878.4,1900,978.4,Bengaluru,Karnataka,Credit Card,Returned
ORD100884,CUST1368,Rohan Jain,02-11-2030,Cotton T-Shirt,Fashion,2,999,10,899.1,1798.2,960,838.2,Pune,Maharashtra,Credit Card,Returned
ORD100280,CUST1327,Rohan Chauhan,03-11-2030,Desk Lamp,Home & Kitchen,1,1299,10,1169.1,1169.1,650,519.1,Gurugram,Haryana,Cash On Delivery,Delivered
ORD100294,CUST1216,Vivaan Malhotra,04-11-2030,Desk Lamp,Home & Kitchen,1,1299,20,1039.2,1039.2,650,389.2,Hyderabad,Telangana,Cash On Delivery,Delivered
ORD101642,CUST1066,Ananya Mehta,05-11-2030,Coffee Maker,Home & Kitchen,3,3499,15,2974.15,8922.45,6300,2622.45,Chennai,Tamil Nadu,UPI,Delivered
ORD100401,CUST1102,Mohit Jain,06-11-2030,Hoodie,Fashion,1,1799,20,1439.2,1439.2,900,539.2,Lucknow,Uttar Pradesh,Net Banking,Delivered
ORD100123,CUST1361,Aditya Yadav,07-11-2030,Power Bank,Electronics,1,1599,10,1439.1,1439.1,900,539.1,Faridabad,Haryana,Debit Card,Delivered
ORD101208,CUST1069,Neha Sharma,08-11-2030,Laptop Backpack,Accessories,2,1799,10,1619.1,3238.2,1900,1338.2,Chandigarh,Chandigarh,Net Banking,Delivered
ORD100203,CUST1445,Aarav Gupta,09-11-2030,USB-C Hub,Electronics,1,1499,15,1274.15,1274.15,820,454.15,Noida,Uttar Pradesh,Debit Card,Delivered
ORD101463,CUST1340,Priya Yadav,10-11-2030,USB-C Hub,Electronics,3,1499,25,1124.25,3372.75,2460,912.75,Delhi,Delhi,Net Banking,Cancelled
ORD100836,CUST1016,Mohit Gupta,11-11-2030,USB-C Hub,Electronics,2,1499,20,1199.2,2398.4,1640,758.4,Bengaluru,Haryana,UPI,Delivered
ORD100247,CUST1103,Mohit Gupta,12-11-2030,Cotton T-Shirt,Fashion,1,999,0,999,999,480,519,Chennai,Tamil Nadu,Cash On Delivery,Cancelled
ORD101440,CUST1387,Aarav Malhotra,13-11-2030,Wireless Mouse,Electronics,1,899,10,809.1,809.1,520,289.1,Chandigarh,Chandigarh,UPI,Delivered
ORD101708,CUST1005,Rohan Sharma,14-11-2030,Power Bank,Electronics,1,1599,5,1519.05,1519.05,900,619.05,Bengaluru,Karnataka,UPI,Delivered
ORD101692,CUST1016,Mohit Gupta,15-11-2030,Bluetooth Headphones,Electronics,2,2499,10,2249.1,4498.2,2900,1598.2,Bengaluru,Karnataka,Debit Card,Delivered
ORD101154,CUST1337,Neha Sharma,16-11-2030,Denim Jeans,Fashion,3,1999,20,1599.2,4797.6,3150,1647.6,Delhi,Delhi,Cash On Delivery,Delivered
ORD101427,CUST1337,Neha Sharma,17-11-2030,Water Bottle,Home & Kitchen,2,799,10,719.1,1438.2,700,738.2,Delhi,Delhi,Cash On Delivery,Delivered
ORD100385,CUST1330,Vivaan Gupta,18-11-2030,Power Bank,Electronics,1,1599,10,1439.1,1439.1,900,539.1,Mumbai,Maharashtra,Cash On Delivery,Returned
ORD101584,CUST1011,Priya Kumar,19-11-2030,Hoodie,Fashion,1,1799,20,1439.2,1439.2,900,539.2,Lucknow,Uttar Pradesh,Debit Card,Delivered
ORD100855,CUST1250,Isha Singh,20-11-2030,Notebook Set,Stationery,1,499,20,399.2,399.2,210,189.2,Ahmedabad,Gujarat,Net Banking,Delivered
ORD100220,CUST1331,Arjun Malhotra,21-11-2030,Office Chair,Furniture,2,7499,15,6374.15,12748.3,9600,3148.3,Ahmedabad,Gujarat,Cash On Delivery,Delivered
ORD100642,CUST1161,Rahul Verma,22-11-2030,Coffee Maker,Home & Kitchen,3,3499,20,2799.2,8397.6,6300,2097.6,Lucknow,Uttar Pradesh,Debit Card,Returned
ORD100002,CUST1038,Sneha Singh,23-11-2030,Bluetooth Headphones,Electronics,1,2499,0,2499,2499,1450,1049,Noida,Uttar Pradesh,Debit Card,Delivered
ORD100113,CUST1402,Priya Yadav,24-11-2030,Bluetooth Headphones,Electronics,1,2499,10,2249.1,2249.1,1450,799.1,Bengaluru,Karnataka,UPI,Delivered
ORD100699,CUST1015,Priya Singh,25-11-2030,USB-C Hub,Electronics,1,1499,10,1349.1,1349.1,820,529.1,Chennai,Tamil Nadu,Debit Card,Delivered
ORD101719,CUST1078,Ankit Jain,26-11-2030,Coffee Maker,Home & Kitchen,1,3499,20,2799.2,2799.2,2100,699.2,Chennai,Tamil Nadu,Cash On Delivery,Cancelled
ORD100952,CUST1012,Arjun Yadav,27-11-2030,Casual Sneakers,Footwear,1,2499,15,2124.15,2124.15,1400,724.15,Noida,Uttar Pradesh,Debit Card,Delivered
ORD101577,CUST1362,Riya Verma,28-11-2030,Smart Watch,Electronics,2,3999,20,3199.2,6398.4,5000,1398.4,Chandigarh,Chandigarh,Credit Card,Cancelled
ORD101411,CUST1428,Karan Chauhan,29-11-2030,Casual Sneakers,Footwear,1,2499,10,2249.1,2249.1,1400,849.1,Gurugram,Haryana,Net Banking,Delivered
ORD101410,CUST1192,Isha Gupta,30-11-2030,Laptop Backpack,Accessories,2,1799,0,1799,3598,1900,1698,Bengaluru,Karnataka,Credit Card,Cancelled
ORD101534,CUST1216,Vivaan Malhotra,01-12-2030,Laptop Backpack,Accessories,1,1799,15,1529.15,1529.15,950,579.15,Hyderabad,Telangana,Credit Card,Cancelled
ORD101292,CUST1439,Priya Malhotra,02-12-2030,Denim Jeans,Fashion,2,1999,5,1899.05,3798.1,2100,1698.1,Lucknow,Uttar Pradesh,Debit Card,Delivered
ORD101628,CUST1449,Priya Sharma,03-12-2030,Notebook Set,Stationery,4,499,15,424.15,1696.6,840,856.6,Lucknow,Uttar Pradesh,Cash On Delivery,Returned
ORD100442,CUST1057,Ananya Singh,04-12-2030,Laptop Backpack,Accessories,1,1799,15,1529.15,1529.15,950,579.15,Bengaluru,Karnataka,Credit Card,Delivered
ORD101521,CUST1298,Rahul Chauhan,05-12-2030,Casual Sneakers,Footwear,1,2499,20,1999.2,1999.2,1400,599.2,Indore,Madhya Pradesh,Cash On Delivery,Delivered
ORD101137,CUST1398,Ankit Gupta,06-12-2030,Denim Jeans,Fashion,1,1999,25,1499.25,1499.25,1050,449.25,Jaipur,Rajasthan,Debit Card,Delivered
ORD101257,CUST1015,Priya Singh,07-12-2030,Denim Jeans,Fashion,1,1999,15,1699.15,1699.15,1050,649.15,Chennai,Tamil Nadu,Credit Card,Returned
ORD101677,CUST1166,Priya Kumar,08-12-2030,Power Bank,Electronics,2,1599,30,1119.3,2238.6,1800,438.6,Pune,Maharashtra,UPI,Cancelled
ORD101398,CUST1351,Priya Jain,09-12-2030,Cotton T-Shirt,Fashion,4,999,15,849.15,3396.6,1920,1476.6,Faridabad,Haryana,Cash On Delivery,Delivered
ORD100664,CUST1397,Pooja Chauhan,10-12-2030,Phone Case,Accessories,1,699,5,664.05,664.05,280,384.05,Faridabad,Haryana,Credit Card,Delivered
ORD101652,CUST1393,Mohit Mehta,11-12-2030,Study Table,Furniture,1,5999,5,5699.05,5699.05,3600,2099.05,Bengaluru,Karnataka,Cash On Delivery,Delivered
ORD101258,CUST1132,Karan Yadav,12-12-2030,Casual Sneakers,Footwear,1,2499,15,2124.15,2124.15,1400,724.15,Noida,Uttar Pradesh,Credit Card,Delivered
ORD101611,CUST1199,Aarav Verma,13-12-2030,Power Bank,Electronics,4,1599,10,1439.1,5756.4,3600,2156.4,Delhi,Delhi,UPI,Delivered
ORD100318,CUST1446,Vivaan Malhotra,14-12-2030,Water Bottle,Home & Kitchen,4,799,10,719.1,2876.4,1400,1476.4,Indore,Madhya Pradesh,UPI,Delivered
ORD100649,CUST1081,Nisha Jain,15-12-2030,Running Shoes,Footwear,1,2999,15,2549.15,2549.15,1750,799.15,Chennai,Tamil Nadu,Net Banking,Delivered
ORD101435,CUST1002,Sneha Singh,16-12-2030,Mechanical Keyboard,Electronics,1,3299,10,2969.1,2969.1,1950,1019.1,Delhi,Delhi,Credit Card,Delivered
ORD101480,CUST1013,Kavya Jain,17-12-2030,Cotton T-Shirt,Fashion,1,999,10,899.1,899.1,480,419.1,Pune,Maharashtra,Debit Card,Returned
ORD100710,CUST1211,Isha Jain,18-12-2030,Laptop Backpack,Accessories,1,1799,10,1619.1,1619.1,950,669.1,Kolkata,West Bengal,UPI,Delivered
ORD101383,CUST1434,Riya Chauhan,19-12-2030,Casual Sneakers,Footwear,1,2499,30,1749.3,1749.3,1400,349.3,Ahmedabad,Gujarat,Net Banking,Delivered
ORD101283,CUST1329,Kavya Jain,20-12-2030,Air Fryer,Home & Kitchen,2,5999,10,5399.1,10798.2,7600,3198.2,Noida,Uttar Pradesh,UPI,Delivered
ORD100973,CUST1170,Rohan Yadav,21-12-2030,Air Fryer,Electronics,1,5999,15,5099.15,5099.15,3800,1299.15,Delhi,Delhi,Credit Card,Delivered
ORD100628,CUST1422,Isha Sharma,22-12-2030,Office Chair,Furniture,1,7499,15,6374.15,6374.15,4800,1574.15,Mumbai,Maharashtra,UPI,Delivered
ORD100633,CUST1036,Kavya Verma,23-12-2030,Cotton T-Shirt,Fashion,2,999,0,999,1998,960,1038,Indore,Madhya Pradesh,Net Banking,Delivered
ORD101307,CUST1450,Vivaan Jain,24-12-2030,Cotton T-Shirt,Fashion,1,999,0,999,999,480,519,Chennai,Tamil Nadu,UPI,Delivered
ORD101401,CUST1024,Ankit Chauhan,25-12-2030,Hoodie,Fashion,1,1799,25,1349.25,1349.25,900,449.25,Noida,Uttar Pradesh,Cash On Delivery,Returned
ORD101409,CUST1343,Arjun Chauhan,26-12-2030,Wireless Mouse,Electronics,1,899,20,719.2,719.2,520,199.2,Indore,Madhya Pradesh,Net Banking,Delivered
ORD101249,CUST1366,Pooja Singh,27-12-2030,Desk Lamp,Home & Kitchen,1,1299,15,1104.15,1104.15,650,454.15,Delhi,Delhi,Credit Card,Delivered
ORD101754,CUST1080,Priya Malhotra,28-12-2030,Office Chair,Furniture,3,7499,15,6374.15,19122.45,14400,4722.45,Chennai,Tamil Nadu,Credit Card,Delivered
ORD101255,CUST1348,Vivaan Gupta,29-12-2030,Air Fryer,Home & Kitchen,2,5999,20,4799.2,9598.4,7600,1998.4,Bengaluru,Karnataka,Net Banking,Cancelled
ORD101497,CUST1143,Ankit Yadav,30-12-2030,Phone Case,Accessories,3,699,5,664.05,1992.15,840,1152.15,Bengaluru,Karnataka,Credit Card,Delivered
ORD101372,CUST1315,Priya Kumar,31-12-2030,Smart Watch,Electronics,1,3999,10,3599.1,3599.1,2500,1099.1,Gurugram,Haryana,UPI,Delivered
ORD101530,CUST1437,Aditya Verma,01-01-2031,Wireless Mouse,Electronics,1,899,0,899,899,520,379,Kolkata,West Bengal,Cash On Delivery,Cancelled
ORD101355,CUST1332,Aarav Gupta,02-01-2031,Water Bottle,Home & Kitchen,2,799,10,719.1,1438.2,700,738.2,Lucknow,Uttar Pradesh,Debit Card,Delivered
ORD101729,CUST1099,Rahul Verma,03-01-2031,Power Bank,Electronics,3,1599,10,1439.1,4317.3,2700,1617.3,Indore,Madhya Pradesh,Net Banking,Delivered
ORD101707,CUST1350,Vivaan Sharma,04-01-2031,Notebook Set,Stationery,2,499,10,449.1,898.2,420,478.2,Indore,Madhya Pradesh,Credit Card,Delivered
ORD101664,CUST1072,Karan Singh,05-01-2031,Desk Lamp,Home & Kitchen,1,1299,5,1234.05,1234.05,650,584.05,Bengaluru,Karnataka,Credit Card,Delivered
ORD100796,CUST1091,Isha Verma,06-01-2031,Notebook Set,Stationery,2,499,5,474.05,948.1,420,528.1,Pune,Maharashtra,UPI,Delivered
ORD100646,CUST1194,Vivaan Chauhan,07-01-2031,Smart Watch,Electronics,2,3999,15,3399.15,6798.3,5000,1798.3,Pune,Maharashtra,Debit Card,Delivered
ORD101013,CUST1221,Nisha Kumar,08-01-2031,Phone Case,Accessories,1,699,15,594.15,594.15,280,314.15,Delhi,Delhi,Cash On Delivery,Delivered
ORD101655,CUST1224,Rahul Yadav,09-01-2031,Water Bottle,Home & Kitchen,1,799,20,639.2,639.2,350,289.2,Faridabad,Haryana,Debit Card,Delivered
ORD100557,CUST1286,Isha Singh,10-01-2031,Air Fryer,Home & Kitchen,3,5999,25,4499.25,13497.75,11400,2097.75,Mumbai,Maharashtra,UPI,Delivered
ORD100682,CUST1076,Simran Gupta,11-01-2031,Casual Sneakers,Footwear,1,2499,20,1999.2,1999.2,1400,599.2,Faridabad,Haryana,Credit Card,Delivered
ORD100578,CUST1235,Arjun Yadav,12-01-2031,Coffee Maker,Home & Kitchen,1,3499,25,2624.25,2624.25,2100,524.25,Kolkata,West Bengal,UPI,Returned
ORD101110,CUST1183,Aditya Mehta,13-01-2031,Cotton T-Shirt,Fashion,1,999,15,849.15,849.15,480,369.15,Indore,Madhya Pradesh,UPI,Delivered
ORD101267,CUST1337,Neha Sharma,14-01-2031,Denim Jeans,Fashion,2,1999,0,1999,3998,2100,1898,Delhi,Delhi,UPI,Delivered
ORD101184,CUST1304,Rahul Mehta,15-01-2031,Mechanical Keyboard,Electronics,2,3299,10,2969.1,5938.2,3900,2038.2,Lucknow,Uttar Pradesh,Cash On Delivery,Returned
ORD100525,CUST1005,Rohan Sharma,16-01-2031,Phone Case,Accessories,2,699,15,594.15,1188.3,560,628.3,Bengaluru,Karnataka,Debit Card,Delivered
ORD101060,CUST1134,Ankit Kumar,17-01-2031,Casual Sneakers,Footwear,1,2499,15,2124.15,2124.15,1400,724.15,Mumbai,Maharashtra,Cash On Delivery,Returned
ORD100541,CUST1327,Rohan Chauhan,18-01-2031,Cotton T-Shirt,Fashion,1,999,25,749.25,749.25,480,269.25,Gurugram,Haryana,Debit Card,Returned
ORD101195,CUST1043,Neha Malhotra,19-01-2031,Bluetooth Headphones,Electronics,1,2499,0,2499,2499,1450,1049,Chandigarh,Chandigarh,Cash On Delivery,Delivered
ORD100749,CUST1424,Arjun Sharma,20-01-2031,Air Fryer,Home & Kitchen,1,5999,0,5999,5999,3800,2199,Chandigarh,Chandigarh,UPI,Delivered
ORD101667,CUST1357,Pooja Malhotra,21-01-2031,Coffee Maker,Home & Kitchen,1,3499,15,2974.15,2974.15,2100,874.15,Faridabad,Haryana,Net Banking,Delivered
ORD101431,CUST1274,Ankit Mehta,22-01-2031,USB-C Hub,Electronics,2,1499,5,1424.05,2848.1,1640,1208.1,Noida,Uttar Pradesh,Cash On Delivery,Delivered
ORD100485,CUST1406,Aarav Chauhan,23-01-2031,Wireless Mouse,Electronics,1,899,10,809.1,809.1,520,289.1,Jaipur,Rajasthan,Credit Card,Delivered
ORD100096,CUST1121,Aditya Mehta,24-01-2031,Smart Watch,Electronics,3,3999,5,3799.05,11397.15,7500,3897.15,Delhi,Delhi,UPI,Delivered
ORD101021,CUST1165,Aditya Mehta,25-01-2031,Wireless Mouse,Electronics,2,899,15,764.15,1528.3,1040,488.3,Lucknow,Uttar Pradesh,Net Banking,Delivered
ORD100564,CUST1133,Nisha Mehta,26-01-2031,Office Chair,Furniture,1,7499,20,5999.2,5999.2,4800,1199.2,Jaipur,Rajasthan,Net Banking,Delivered
ORD101265,CUST1069,Neha Sharma,27-01-2031,Notebook Set,Stationery,2,499,10,449.1,898.2,420,478.2,Chandigarh,Chandigarh,Cash On Delivery,Delivered
ORD100743,CUST1231,Pooja Verma,28-01-2031,Power Bank,Electronics,1,1599,5,1519.05,1519.05,900,619.05,Bengaluru,Karnataka,Net Banking,Delivered
ORD100864,CUST1205,Isha Sharma,29-01-2031,Wireless Mouse,Electronics,2,899,15,764.15,1528.3,1040,488.3,Mumbai,Maharashtra,Credit Card,Delivered
ORD101599,CUST1221,Nisha Kumar,30-01-2031,Water Bottle,Home & Kitchen,1,799,15,679.15,679.15,350,329.15,Delhi,Delhi,Debit Card,Cancelled
ORD101485,CUST1006,Priya Yadav,31-01-2031,Desk Lamp,Home & Kitchen,1,1299,15,1104.15,1104.15,650,454.15,Jaipur,Rajasthan,Debit Card,Returned
ORD100892,CUST1082,Ankit Singh,01-02-2031,Mechanical Keyboard,Electronics,1,3299,5,3134.05,3134.05,1950,1184.05,Jaipur,Rajasthan,Debit Card,Cancelled
ORD101578,CUST1404,Priya Verma,02-02-2031,Running Shoes,Footwear,1,2999,20,2399.2,2399.2,1750,649.2,Chandigarh,Chandigarh,Credit Card,Delivered
ORD101039,CUST1261,Vikram Verma,03-02-2031,Running Shoes,Footwear,2,2999,20,2399.2,4798.4,3500,1298.4,Chennai,Tamil Nadu,UPI,Delivered
ORD100207,CUST1032,Vikram Yadav,04-02-2031,Phone Case,Accessories,1,699,10,629.1,629.1,280,349.1,Jaipur,Rajasthan,Cash On Delivery,Delivered
ORD100393,CUST1084,Rahul Verma,05-02-2031,Cotton T-Shirt,Fashion,1,999,5,949.05,949.05,480,469.05,Kolkata,West Bengal,Cash On Delivery,Delivered
ORD100795,CUST1258,Nisha Verma,06-02-2031,Phone Case,Accessories,3,699,5,664.05,1992.15,840,1152.15,Ahmedabad,Gujarat,Credit Card,Delivered
ORD100871,CUST1147,Nisha Kumar,07-02-2031,Study Table,Furniture,1,5999,10,5399.1,5399.1,3600,1799.1,Faridabad,Haryana,Debit Card,Delivered
ORD100398,CUST1142,Sneha Singh,08-02-2031,Notebook Set,Stationery,1,499,10,449.1,449.1,210,239.1,Ahmedabad,Gujarat,Credit Card,Delivered
ORD100767,CUST1207,Karan Verma,09-02-2031,Casual Sneakers,Footwear,1,2499,5,2374.05,2374.05,1400,974.05,Faridabad,Haryana,Net Banking,Delivered
ORD101657,CUST1326,Mohit Jain,10-02-2031,Casual Sneakers,Footwear,2,2499,15,2124.15,4248.3,2800,1448.3,Indore,Madhya Pradesh,UPI,Delivered
ORD101242,CUST1436,Mohit Gupta,11-02-2031,Bluetooth Headphones,Electronics,2,2499,10,2249.1,4498.2,2900,1598.2,Indore,Madhya Pradesh,Cash On Delivery,Returned
ORD101029,CUST1272,Arjun Verma,12-02-2031,Air Fryer,Electronics,1,5999,5,5699.05,5699.05,3800,1899.05,Kolkata,West Bengal,Credit Card,Delivered
ORD100643,CUST1103,Mohit Gupta,13-02-2031,Wireless Mouse,Electronics,4,899,20,719.2,2876.8,2080,796.8,Chennai,Tamil Nadu,Cash On Delivery,Delivered
ORD101699,CUST1096,Sneha Jain,14-02-2031,Casual Sneakers,Footwear,1,2499,5,2374.05,2374.05,1400,974.05,Kolkata,West Bengal,UPI,Delivered
ORD100613,CUST1329,Kavya Jain,15-02-2031,Phone Case,Accessories,1,699,20,559.2,559.2,280,279.2,Noida,Uttar Pradesh,Net Banking,Delivered
ORD100961,CUST1026,Kavya Verma,16-02-2031,Smart Watch,Electronics,1,3999,10,3599.1,3599.1,2500,1099.1,Indore,Madhya Pradesh,Debit Card,Returned
ORD101571,CUST1024,Ankit Chauhan,17-02-2031,Notebook Set,Stationery,2,499,15,424.15,848.3,420,428.3,Noida,Uttar Pradesh,Net Banking,Delivered
ORD100726,CUST1370,Pooja Chauhan,18-02-2031,Denim Jeans,Fashion,2,1999,30,1399.3,2798.6,2100,698.6,Delhi,Delhi,Credit Card,Delivered
ORD100684,CUST1215,Aarav Malhotra,19-02-2031,Smart Watch,Electronics,2,3999,20,3199.2,6398.4,5000,1398.4,Noida,Uttar Pradesh,UPI,Delivered
ORD100099,CUST1030,Pooja Jain,20-02-2031,Desk Lamp,Home & Kitchen,2,1299,15,1104.15,2208.3,1300,908.3,Chennai,Tamil Nadu,Cash On Delivery,Delivered
ORD100805,CUST1173,Isha Gupta,21-02-2031,Water Bottle,Home & Kitchen,1,799,15,679.15,679.15,350,329.15,Lucknow,Uttar Pradesh,Debit Card,Delivered
ORD101598,CUST1144,Arjun Mehta,22-02-2031,Mechanical Keyboard,Electronics,1,3299,30,2309.3,2309.3,1950,359.3,Pune,Maharashtra,Cash On Delivery,Delivered
ORD100407,CUST1010,Riya Singh,23-02-2031,Denim Jeans,Fashion,3,1999,10,1799.1,5397.3,3150,2247.3,Gurugram,Haryana,UPI,Delivered
ORD100503,CUST1446,Vivaan Malhotra,24-02-2031,Bluetooth Headphones,Electronics,2,2499,20,1999.2,3998.4,2900,1098.4,Indore,Madhya Pradesh,UPI,Delivered
ORD101072,CUST1191,Aarav Yadav,25-02-2031,Casual Sneakers,Footwear,1,2499,5,2374.05,2374.05,1400,974.05,Hyderabad,Telangana,UPI,Returned
ORD101057,CUST1095,Rohan Kumar,26-02-2031,Study Table,Furniture,1,5999,0,5999,5999,3600,2399,Hyderabad,Telangana,UPI,Delivered
ORD100930,CUST1223,Priya Jain,27-02-2031,Bluetooth Headphones,Electronics,2,2499,20,1999.2,3998.4,2900,1098.4,Mumbai,Maharashtra,UPI,Delivered
ORD100780,CUST1226,Nisha Yadav,28-02-2031,Running Shoes,Footwear,3,2999,5,2849.05,8547.15,5250,3297.15,Ahmedabad,Gujarat,Credit Card,Cancelled
ORD100201,CUST1072,Karan Singh,01-03-2031,Power Bank,Electronics,2,1599,10,1439.1,2878.2,1800,1078.2,Bengaluru,Karnataka,Cash On Delivery,Delivered
ORD100135,CUST1329,Kavya Jain,02-03-2031,Study Table,Furniture,1,5999,10,5399.1,5399.1,3600,1799.1,Noida,Uttar Pradesh,Debit Card,Delivered
ORD101052,CUST1052,Riya Sharma,03-03-2031,Phone Case,Accessories,1,699,10,629.1,629.1,280,349.1,Mumbai,Maharashtra,Credit Card,Delivered
ORD100041,CUST1420,Aarav Yadav,04-03-2031,Desk Lamp,Home & Kitchen,1,1299,10,1169.1,1169.1,650,519.1,Pune,Maharashtra,Net Banking,Delivered
ORD101018,CUST1307,Kavya Kumar,05-03-2031,Bluetooth Headphones,Electronics,3,2499,20,1999.2,5997.6,4350,1647.6,Hyderabad,Telangana,Cash On Delivery,Delivered
ORD100231,CUST1055,Mohit Malhotra,06-03-2031,Bluetooth Headphones,Electronics,1,2499,15,2124.15,2124.15,1450,674.15,Lucknow,Uttar Pradesh,Cash On Delivery,Delivered
ORD101514,CUST1401,Aarav Kumar,07-03-2031,Bluetooth Headphones,Electronics,3,2499,30,1749.3,5247.9,4350,897.9,Lucknow,Uttar Pradesh,Credit Card,Returned
ORD100379,CUST1146,Riya Gupta,08-03-2031,Casual Sneakers,Footwear,1,2499,5,2374.05,2374.05,1400,974.05,Noida,Uttar Pradesh,Net Banking,Returned
ORD100289,CUST1034,Isha Kumar,09-03-2031,Power Bank,Electronics,1,1599,0,1599,1599,900,699,Kolkata,West Bengal,UPI,Delivered
ORD100419,CUST1267,Arjun Gupta,10-03-2031,Power Bank,Electronics,1,1599,15,1359.15,1359.15,900,459.15,Delhi,Delhi,Cash On Delivery,Returned
ORD100392,CUST1448,Pooja Jain,11-03-2031,Bluetooth Headphones,Electronics,1,2499,20,1999.2,1999.2,1450,549.2,Jaipur,Rajasthan,Net Banking,Delivered
ORD100593,CUST1138,Ankit Singh,12-03-2031,Bluetooth Headphones,Electronics,2,2499,5,2374.05,4748.1,2900,1848.1,Delhi,Delhi,Cash On Delivery,Delivered
ORD101523,CUST1286,Isha Singh,13-03-2031,Laptop Backpack,Accessories,1,1799,25,1349.25,1349.25,950,399.25,Mumbai,Maharashtra,Credit Card,Delivered
ORD101163,CUST1331,Arjun Malhotra,14-03-2031,Desk Lamp,Home & Kitchen,1,1299,15,1104.15,1104.15,650,454.15,Ahmedabad,Gujarat,UPI,Returned
ORD101087,CUST1398,Ankit Gupta,15-03-2031,Phone Case,Accessories,4,699,5,664.05,2656.2,1120,1536.2,Jaipur,Rajasthan,Credit Card,Delivered
ORD101496,CUST1270,Priya Sharma,16-03-2031,Hoodie,Fashion,1,1799,15,1529.15,1529.15,900,629.15,Chandigarh,Chandigarh,Cash On Delivery,Delivered
ORD100648,CUST1071,Nisha Gupta,17-03-2031,Hoodie,Fashion,1,1799,20,1439.2,1439.2,900,539.2,Mumbai,Maharashtra,Credit Card,Delivered
ORD101153,CUST1290,Simran Verma,18-03-2031,Casual Sneakers,Footwear,1,2499,10,2249.1,2249.1,1400,849.1,Delhi,Delhi,Cash On Delivery,Delivered
ORD101368,CUST1059,Aarav Verma,19-03-2031,Study Table,Furniture,1,5999,0,5999,5999,3600,2399,Indore,Madhya Pradesh,Net Banking,Delivered
ORD100521,CUST1250,Isha Singh,20-03-2031,Notebook Set,Stationery,1,499,15,424.15,424.15,210,214.15,Ahmedabad,Gujarat,Credit Card,Delivered
ORD100065,CUST1239,Riya Sharma,21-03-2031,Cotton T-Shirt,Fashion,2,999,0,999,1998,960,1038,Lucknow,Uttar Pradesh,Cash On Delivery,Delivered
ORD100015,CUST1124,Kavya Singh,22-03-2031,Denim Jeans,Fashion,1,1999,10,1799.1,1799.1,1050,749.1,Ahmedabad,Gujarat,Net Banking,Cancelled
ORD101181,CUST1103,Mohit Gupta,23-03-2031,Study Table,Furniture,1,5999,20,4799.2,4799.2,3600,1199.2,Chennai,Tamil Nadu,Cash On Delivery,Returned
ORD101065,CUST1042,Arjun Chauhan,24-03-2031,Casual Sneakers,Footwear,1,2499,20,1999.2,1999.2,1400,599.2,Bengaluru,Karnataka,Cash On Delivery,Delivered
ORD100493,CUST1228,Ananya Mehta,25-03-2031,Air Fryer,Home & Kitchen,2,5999,0,5999,11998,7600,4398,Kolkata,West Bengal,Net Banking,Delivered
ORD100380,CUST1170,Rohan Yadav,26-03-2031,Wireless Mouse,Electronics,1,899,20,719.2,719.2,520,199.2,Delhi,Delhi,Cash On Delivery,Delivered
ORD100188,CUST1315,Priya Kumar,27-03-2031,Mechanical Keyboard,Electronics,2,3299,20,2639.2,5278.4,3900,1378.4,Gurugram,Haryana,Credit Card,Cancelled
ORD100764,CUST1450,Vivaan Jain,28-03-2031,Hoodie,Fashion,2,1799,30,1259.3,2518.6,1800,718.6,Chennai,Tamil Nadu,UPI,Delivered
ORD100217,CUST1438,Sneha Mehta,29-03-2031,Office Chair,Furniture,1,7499,30,5249.3,5249.3,4800,449.3,Mumbai,Maharashtra,Cash On Delivery,Returned
ORD100792,CUST1165,Aditya Mehta,30-03-2031,Mechanical Keyboard,Electronics,1,3299,10,2969.1,2969.1,1950,1019.1,Lucknow,Uttar Pradesh,Credit Card,Delivered
ORD101077,CUST1164,Rohan Sharma,31-03-2031,Wireless Mouse,Electronics,1,899,15,764.15,764.15,520,244.15,Jaipur,Rajasthan,Cash On Delivery,Cancelled
ORD100879,CUST1128,Sneha Verma,01-04-2031,Hoodie,Fashion,2,1799,10,1619.1,3238.2,1800,1438.2,Mumbai,Maharashtra,Credit Card,Delivered
ORD100338,CUST1258,Nisha Verma,02-04-2031,Notebook Set,Stationery,1,499,15,424.15,424.15,210,214.15,Ahmedabad,Gujarat,Cash On Delivery,Delivered
ORD100720,CUST1229,Aditya Jain,03-04-2031,Phone Case,Accessories,1,699,20,559.2,559.2,280,279.2,Chennai,Tamil Nadu,Cash On Delivery,Delivered
ORD100296,CUST1125,Kavya Sharma,04-04-2031,Water Bottle,Home & Kitchen,1,799,20,639.2,639.2,350,289.2,Ahmedabad,Gujarat,Net Banking,Delivered
ORD101017,CUST1147,Nisha Kumar,05-04-2031,Study Table,Furniture,1,5999,15,5099.15,5099.15,3600,1499.15,Faridabad,Haryana,Credit Card,Delivered
ORD101276,CUST1441,Vivaan Chauhan,06-04-2031,Phone Case,Accessories,1,699,10,629.1,629.1,280,349.1,Chennai,Tamil Nadu,Debit Card,Delivered
ORD101486,CUST1355,Mohit Singh,07-04-2031,Laptop Backpack,Accessories,1,1799,20,1439.2,1439.2,950,489.2,Kolkata,West Bengal,Net Banking,Delivered
ORD100456,CUST1419,Riya Verma,08-04-2031,Laptop Backpack,Accessories,2,1799,5,1709.05,3418.1,1900,1518.1,Bengaluru,Karnataka,Cash On Delivery,Delivered
ORD101797,CUST1198,Pooja Chauhan,09-04-2031,Notebook Set,Stationery,1,499,0,499,499,210,289,Lucknow,Uttar Pradesh,Cash On Delivery,Delivered
ORD100816,CUST1415,Simran Sharma,10-04-2031,Laptop Backpack,Accessories,1,1799,10,1619.1,1619.1,950,669.1,Chandigarh,Chandigarh,Debit Card,Returned
ORD100270,CUST1148,Priya Mehta,11-04-2031,Water Bottle,Home & Kitchen,1,799,0,799,799,350,449,Kolkata,West Bengal,Credit Card,Delivered
ORD100996,CUST1444,Vivaan Verma,12-04-2031,Desk Lamp,Home & Kitchen,1,1299,15,1104.15,1104.15,650,454.15,Chennai,Tamil Nadu,Credit Card,Delivered
ORD100202,CUST1444,Vivaan Verma,13-04-2031,Coffee Maker,Home & Kitchen,2,3499,20,2799.2,5598.4,4200,1398.4,Chennai,Tamil Nadu,Credit Card,Delivered
ORD100162,CUST1415,Simran Sharma,14-04-2031,Cotton T-Shirt,Fashion,1,999,15,849.15,849.15,480,369.15,Chandigarh,Chandigarh,Credit Card,Delivered
ORD101580,CUST1158,Rohan Jain,15-04-2031,Study Table,Furniture,3,5999,20,4799.2,14397.6,10800,3597.6,Lucknow,Uttar Pradesh,Debit Card,Returned
ORD100730,CUST1266,Ananya Verma,16-04-2031,Notebook Set,Stationery,1,499,15,424.15,424.15,210,214.15,Gurugram,Haryana,UPI,Delivered
ORD100402,CUST1295,Riya Chauhan,17-04-2031,Notebook Set,Stationery,2,499,5,474.05,948.1,420,528.1,Hyderabad,Telangana,Debit Card,Delivered
ORD100703,CUST1437,Aditya Verma,18-04-2031,Notebook Set,Stationery,1,499,5,474.05,474.05,210,264.05,Kolkata,West Bengal,UPI,Delivered
ORD101501,CUST1436,Mohit Gupta,19-04-2031,Desk Lamp,Home & Kitchen,2,1299,15,1104.15,2208.3,1300,908.3,Indore,Madhya Pradesh,Debit Card,Delivered
ORD101130,CUST1444,Vivaan Verma,20-04-2031,USB-C Hub,Electronics,1,1499,20,1199.2,1199.2,820,379.2,Chennai,Tamil Nadu,UPI,Delivered
ORD100566,CUST1406,Aarav Chauhan,21-04-2031,Cotton T-Shirt,Fashion,1,999,0,999,999,480,519,Jaipur,Rajasthan,Net Banking,Delivered
ORD101414,CUST1245,Kavya Jain,22-04-2031,Hoodie,Fashion,1,1799,20,1439.2,1439.2,900,539.2,Mumbai,Maharashtra,Cash On Delivery,Delivered
ORD101022,CUST1173,Isha Gupta,23-04-2031,Phone Case,Accessories,4,699,15,594.15,2376.6,1120,1256.6,Lucknow,Uttar Pradesh,Cash On Delivery,Delivered
ORD101026,CUST1401,Aarav Kumar,24-04-2031,Cotton T-Shirt,Fashion,1,999,20,799.2,799.2,480,319.2,Lucknow,Uttar Pradesh,Debit Card,Delivered
ORD101412,CUST1353,Aditya Mehta,25-04-2031,Water Bottle,Home & Kitchen,1,799,10,719.1,719.1,350,369.1,Gurugram,Haryana,Credit Card,Delivered
ORD101586,CUST1390,Karan Chauhan,26-04-2031,Hoodie,Fashion,1,1799,10,1619.1,1619.1,900,719.1,Kolkata,West Bengal,Cash On Delivery,Delivered
ORD101105,CUST1049,Rohan Jain,27-04-2031,Cotton T-Shirt,Fashion,2,999,5,949.05,1898.1,960,938.1,Indore,Madhya Pradesh,Debit Card,Returned
ORD100206,CUST1367,Isha Malhotra,28-04-2031,Power Bank,Electronics,4,1599,10,1439.1,5756.4,3600,2156.4,Delhi,Delhi,Net Banking,Delivered
ORD100035,CUST1348,Vivaan Gupta,29-04-2031,Desk Lamp,Home & Kitchen,1,1299,15,1104.15,1104.15,650,454.15,Bengaluru,Karnataka,UPI,Returned
ORD100776,CUST1099,Rahul Verma,30-04-2031,Bluetooth Headphones,Electronics,2,2499,0,2499,4998,2900,2098,Indore,Madhya Pradesh,Net Banking,Delivered
ORD100509,CUST1384,Neha Singh,01-05-2031,Coffee Maker,Home & Kitchen,1,3499,0,3499,3499,2100,1399,Ahmedabad,Gujarat,Credit Card,Delivered
ORD101452,CUST1358,Isha Malhotra,02-05-2031,Mechanical Keyboard,Electronics,1,3299,0,3299,3299,1950,1349,Chennai,Tamil Nadu,UPI,Delivered
ORD101479,CUST1169,Nisha Kumar,03-05-2031,Laptop Backpack,Accessories,1,1799,10,1619.1,1619.1,950,669.1,Pune,Maharashtra,UPI,Returned
ORD101771,CUST1419,Riya Verma,04-05-2031,Office Chair,Furniture,1,7499,5,7124.05,7124.05,4800,2324.05,Bengaluru,Karnataka,Cash On Delivery,Delivered
ORD101391,CUST1154,Rahul Mehta,05-05-2031,Bluetooth Headphones,Electronics,3,2499,25,1874.25,5622.75,4350,1272.75,Indore,Madhya Pradesh,UPI,Cancelled
ORD100092,CUST1011,Priya Kumar,06-05-2031,Phone Case,Accessories,1,699,5,664.05,664.05,280,384.05,Lucknow,Uttar Pradesh,Net Banking,Returned
ORD101364,CUST1085,Rahul Sharma,07-05-2031,Power Bank,Electronics,4,1599,20,1279.2,5116.8,3600,1516.8,Chennai,Tamil Nadu,UPI,Cancelled
ORD100898,CUST1441,Vivaan Chauhan,08-05-2031,Phone Case,Accessories,3,699,5,664.05,1992.15,840,1152.15,Chennai,Tamil Nadu,Debit Card,Delivered
ORD100565,CUST1258,Nisha Verma,09-05-2031,Notebook Set,Stationery,2,499,20,399.2,798.4,420,378.4,Ahmedabad,Gujarat,Credit Card,Cancelled
ORD101370,CUST1399,Nisha Singh,10-05-2031,Bluetooth Headphones,Electronics,1,2499,15,2124.15,2124.15,1450,674.15,Hyderabad,Telangana,UPI,Delivered
ORD100777,CUST1070,Rahul Singh,11-05-2031,Coffee Maker,Home & Kitchen,2,3499,20,2799.2,5598.4,4200,1398.4,Delhi,Delhi,UPI,Delivered
ORD100242,CUST1079,Aditya Mehta,12-05-2031,Hoodie,Fashion,2,1799,10,1619.1,3238.2,1800,1438.2,Pune,Maharashtra,Net Banking,Delivered
ORD100014,CUST1069,Neha Sharma,13-05-2031,Wireless Mouse,Electronics,1,899,20,719.2,719.2,520,199.2,Chandigarh,Chandigarh,UPI,Delivered
ORD100316,CUST1312,Arjun Singh,14-05-2031,Hoodie,Fashion,2,1799,10,1619.1,3238.2,1800,1438.2,Lucknow,Uttar Pradesh,Debit Card,Returned
ORD100601,CUST1353,Aditya Mehta,15-05-2031,Desk Lamp,Home & Kitchen,1,1299,15,1104.15,1104.15,650,454.15,Gurugram,Haryana,Credit Card,Delivered
ORD100388,CUST1137,Arjun Yadav,16-05-2031,Desk Lamp,Home & Kitchen,2,1299,15,1104.15,2208.3,1300,908.3,Chandigarh,Chandigarh,Net Banking,Delivered
ORD101298,CUST1447,Priya Yadav,17-05-2031,Office Chair,Furniture,1,7499,15,6374.15,6374.15,4800,1574.15,Ahmedabad,Gujarat,Net Banking,Returned
ORD100167,CUST1167,Rahul Chauhan,18-05-2031,Hoodie,Fashion,2,1799,10,1619.1,3238.2,1800,1438.2,Chandigarh,Chandigarh,Credit Card,Delivered
ORD100841,CUST1132,Karan Yadav,19-05-2031,Office Chair,Furniture,1,7499,15,6374.15,6374.15,4800,1574.15,Noida,Uttar Pradesh,Credit Card,Delivered
ORD100021,CUST1127,Arjun Kumar,20-05-2031,Desk Lamp,Home & Kitchen,1,1299,5,1234.05,1234.05,650,584.05,Gurugram,Haryana,Net Banking,Cancelled
ORD100647,CUST1228,Ananya Mehta,21-05-2031,Water Bottle,Home & Kitchen,2,799,20,639.2,1278.4,700,578.4,Kolkata,West Bengal,Debit Card,Delivered
ORD101509,CUST1036,Kavya Verma,22-05-2031,Bluetooth Headphones,Electronics,2,2499,15,2124.15,4248.3,2900,1348.3,Indore,Madhya Pradesh,Debit Card,Delivered
ORD101155,CUST1009,Priya Verma,23-05-2031,Laptop Backpack,Accessories,2,1799,15,1529.15,3058.3,1900,1158.3,Pune,Maharashtra,Net Banking,Delivered
ORD101529,CUST1229,Aditya Jain,24-05-2031,Hoodie,Fashion,3,1799,20,1439.2,4317.6,2700,1617.6,Chennai,Tamil Nadu,Credit Card,Delivered
ORD100832,CUST1084,Rahul Verma,25-05-2031,Office Chair,Furniture,1,7499,15,6374.15,6374.15,4800,1574.15,Kolkata,West Bengal,Net Banking,Delivered
ORD101268,CUST1243,Mohit Gupta,26-05-2031,Bluetooth Headphones,Electronics,4,2499,0,2499,9996,5800,4196,Chandigarh,Chandigarh,Net Banking,Delivered
ORD101591,CUST1370,Pooja Chauhan,27-05-2031,Wireless Mouse,Electronics,1,899,25,674.25,674.25,520,154.25,Delhi,Delhi,Debit Card,Cancelled
ORD100563,CUST1090,Isha Mehta,28-05-2031,Coffee Maker,Home & Kitchen,2,3499,20,2799.2,5598.4,4200,1398.4,Lucknow,Uttar Pradesh,Credit Card,Delivered
ORD101753,CUST1087,Kavya Malhotra,29-05-2031,Office Chair,Furniture,1,7499,20,5999.2,5999.2,4800,1199.2,Kolkata,West Bengal,Debit Card,Delivered
ORD100687,CUST1304,Rahul Mehta,30-05-2031,Bluetooth Headphones,Electronics,2,2499,20,1999.2,3998.4,2900,1098.4,Lucknow,Uttar Pradesh,Cash On Delivery,Delivered
ORD100958,CUST1289,Isha Mehta,31-05-2031,Water Bottle,Home & Kitchen,1,799,5,759.05,759.05,350,409.05,Chennai,Tamil Nadu,Net Banking,Delivered
ORD100190,CUST1094,Arjun Kumar,01-06-2031,USB-C Hub,Electronics,1,1499,20,1199.2,1199.2,820,379.2,Bengaluru,Karnataka,UPI,Delivered
ORD100976,CUST1400,Rahul Singh,02-06-2031,Mechanical Keyboard,Electronics,1,3299,10,2969.1,2969.1,1950,1019.1,Delhi,Delhi,UPI,Delivered
ORD100700,CUST1398,Ankit Gupta,03-06-2031,Phone Case,Accessories,2,699,30,489.3,978.6,560,418.6,Jaipur,Rajasthan,Credit Card,Delivered
ORD101500,CUST1376,Nisha Verma,04-06-2031,Phone Case,Accessories,2,699,15,594.15,1188.3,560,628.3,Jaipur,Rajasthan,Debit Card,Delivered
ORD101706,CUST1212,Kavya Mehta,05-06-2031,Laptop Backpack,Accessories,3,1799,10,1619.1,4857.3,2850,2007.3,Faridabad,Haryana,Credit Card,Delivered
ORD100511,CUST1355,Mohit Singh,06-06-2031,Notebook Set,Stationery,2,499,5,474.05,948.1,420,528.1,Kolkata,West Bengal,Net Banking,Delivered
ORD101083,CUST1310,Vivaan Verma,07-06-2031,Notebook Set,Stationery,1,499,10,449.1,449.1,210,239.1,Indore,Madhya Pradesh,Credit Card,Delivered
ORD100475,CUST1095,Rohan Kumar,08-06-2031,Phone Case,Accessories,1,699,15,594.15,594.15,280,314.15,Hyderabad,Telangana,Cash On Delivery,Delivered
ORD101585,CUST1144,Arjun Mehta,09-06-2031,Air Fryer,Home & Kitchen,2,5999,15,5099.15,10198.3,7600,2598.3,Pune,Maharashtra,Debit Card,Delivered
ORD100857,CUST1423,Aarav Sharma,10-06-2031,USB-C Hub,Electronics,2,1499,10,1349.1,2698.2,1640,1058.2,Chennai,Tamil Nadu,Credit Card,Delivered
ORD100748,CUST1222,Aditya Singh,11-06-2031,Casual Sneakers,Footwear,1,2499,20,1999.2,1999.2,1400,599.2,Gurugram,Haryana,UPI,Delivered
ORD100253,CUST1021,Arjun Malhotra,12-06-2031,Smart Watch,Electronics,1,3999,15,3399.15,3399.15,2500,899.15,Chandigarh,Chandigarh,Credit Card,Delivered
ORD100022,CUST1132,Karan Yadav,13-06-2031,Mechanical Keyboard,Electronics,3,3299,10,2969.1,8907.3,5850,3057.3,Noida,Uttar Pradesh,Net Banking,Returned
ORD101338,CUST1258,Nisha Verma,14-06-2031,Denim Jeans,Fashion,2,1999,25,1499.25,2998.5,2100,898.5,Ahmedabad,Gujarat,Cash On Delivery,Delivered
ORD100460,CUST1115,Priya Verma,15-06-2031,Denim Jeans,Fashion,2,1999,5,1899.05,3798.1,2100,1698.1,Hyderabad,Telangana,Cash On Delivery,Delivered
ORD101185,CUST1348,Vivaan Gupta,16-06-2031,Running Shoes,Footwear,1,2999,10,2699.1,2699.1,1750,949.1,Bengaluru,Karnataka,UPI,Delivered
ORD100277,CUST1002,Sneha Singh,17-06-2031,Denim Jeans,Fashion,4,1999,15,1699.15,6796.6,4200,2596.6,Delhi,Delhi,UPI,Delivered
ORD100956,CUST1029,Priya Verma,18-06-2031,Wireless Mouse,Electronics,1,899,20,719.2,719.2,520,199.2,Bengaluru,Karnataka,UPI,Returned
ORD101216,CUST1084,Rahul Verma,19-06-2031,Wireless Mouse,Electronics,1,899,20,719.2,719.2,520,199.2,Kolkata,West Bengal,Cash On Delivery,Delivered
ORD100386,CUST1197,Vikram Mehta,20-06-2031,Cotton T-Shirt,Fashion,2,999,10,899.1,1798.2,960,838.2,Ahmedabad,Gujarat,Net Banking,Delivered
ORD100806,CUST1216,Vivaan Malhotra,21-06-2031,Phone Case,Accessories,1,699,10,629.1,629.1,280,349.1,Hyderabad,Telangana,Credit Card,Delivered
ORD101438,CUST1339,Ananya Sharma,22-06-2031,Study Table,Furniture,1,5999,5,5699.05,5699.05,3600,2099.05,Mumbai,Maharashtra,Debit Card,Delivered
ORD101516,CUST1234,Arjun Mehta,23-06-2031,Casual Sneakers,Footwear,1,2499,20,1999.2,1999.2,1400,599.2,Lucknow,Uttar Pradesh,Cash On Delivery,Delivered
ORD100344,CUST1383,Vikram Malhotra,24-06-2031,Office Chair,Furniture,2,7499,10,6749.1,13498.2,9600,3898.2,Pune,Maharashtra,UPI,Delivered
ORD100770,CUST1331,Arjun Malhotra,25-06-2031,Bluetooth Headphones,Electronics,1,2499,20,1999.2,1999.2,1450,549.2,Ahmedabad,Gujarat,Cash On Delivery,Delivered
ORD101333,CUST1419,Riya Verma,26-06-2031,Power Bank,Electronics,2,1599,15,1359.15,2718.3,1800,918.3,Bengaluru,Karnataka,UPI,Returned
ORD101686,CUST1170,Rohan Yadav,27-06-2031,Running Shoes,Footwear,1,2999,15,2549.15,2549.15,1750,799.15,Delhi,Delhi,Net Banking,Delivered
ORD100131,CUST1397,Pooja Chauhan,28-06-2031,Desk Lamp,Home & Kitchen,1,1299,15,1104.15,1104.15,650,454.15,Faridabad,Haryana,Credit Card,Delivered
ORD101688,CUST1307,Kavya Kumar,29-06-2031,Phone Case,Accessories,1,699,15,594.15,594.15,280,314.15,Hyderabad,Telangana,Debit Card,Delivered
ORD100872,CUST1050,Neha Verma,30-06-2031,Wireless Mouse,Electronics,2,899,0,899,1798,1040,758,Mumbai,Maharashtra,Debit Card,Delivered
ORD101124,CUST1226,Nisha Yadav,01-07-2031,Coffee Maker,Home & Kitchen,3,3499,25,2624.25,7872.75,6300,1572.75,Ahmedabad,Gujarat,Cash On Delivery,Delivered
ORD101397,CUST1094,Arjun Kumar,02-07-2031,Air Fryer,Home & Kitchen,2,5999,20,4799.2,9598.4,7600,1998.4,Bengaluru,Karnataka,UPI,Delivered
ORD100088,CUST1426,Nisha Chauhan,03-07-2031,Laptop Backpack,Accessories,1,1799,15,1529.15,1529.15,950,579.15,Noida,Uttar Pradesh,Cash On Delivery,Returned
ORD101483,CUST1243,Mohit Gupta,04-07-2031,Notebook Set,Stationery,3,499,5,474.05,1422.15,630,792.15,Chandigarh,Chandigarh,Debit Card,Delivered
ORD100331,CUST1179,Arjun Chauhan,05-07-2031,Phone Case,Accessories,1,699,5,664.05,664.05,280,384.05,Bengaluru,Karnataka,Debit Card,Delivered
ORD101239,CUST1137,Arjun Yadav,06-07-2031,Casual Sneakers,Footwear,1,2499,0,2499,2499,1400,1099,Chandigarh,Chandigarh,Net Banking,Delivered
ORD100467,CUST1179,Arjun Chauhan,07-07-2031,Air Fryer,Home & Kitchen,1,5999,5,5699.05,5699.05,3800,1899.05,Bengaluru,Karnataka,UPI,Delivered
ORD100122,CUST1260,Mohit Mehta,08-07-2031,Casual Sneakers,Footwear,1,2499,10,2249.1,2249.1,1400,849.1,Pune,Maharashtra,Net Banking,Returned
ORD101639,CUST1228,Ananya Mehta,09-07-2031,Denim Jeans,Fashion,1,1999,10,1799.1,1799.1,1050,749.1,Kolkata,West Bengal,Debit Card,Delivered
ORD101045,CUST1315,Priya Kumar,10-07-2031,Air Fryer,Home & Kitchen,1,5999,20,4799.2,4799.2,3800,999.2,Gurugram,Haryana,Debit Card,Delivered
ORD101725,CUST1240,Sneha Verma,11-07-2031,Casual Sneakers,Footwear,1,2499,25,1874.25,1874.25,1400,474.25,Chennai,Tamil Nadu,Net Banking,Delivered
ORD101096,CUST1345,Ankit Malhotra,12-07-2031,Notebook Set,Stationery,2,499,10,449.1,898.2,420,478.2,Chandigarh,Chandigarh,Credit Card,Delivered
ORD101131,CUST1169,Nisha Kumar,13-07-2031,Laptop Backpack,Accessories,2,1799,15,1529.15,3058.3,1900,1158.3,Pune,Maharashtra,Debit Card,Delivered
ORD101295,CUST1254,Priya Gupta,14-07-2031,Coffee Maker,Home & Kitchen,1,3499,20,2799.2,2799.2,2100,699.2,Chandigarh,Chandigarh,Net Banking,Delivered
ORD100861,CUST1185,Aarav Malhotra,15-07-2031,Cotton T-Shirt,Fashion,1,999,5,949.05,949.05,480,469.05,Faridabad,Haryana,Cash On Delivery,Returned
ORD101460,CUST1174,Nisha Yadav,16-07-2031,Study Table,Furniture,1,5999,15,5099.15,5099.15,3600,1499.15,Hyderabad,Telangana,UPI,Delivered
ORD101127,CUST1380,Aditya Malhotra,17-07-2031,Bluetooth Headphones,Electronics,2,2499,20,1999.2,3998.4,2900,1098.4,Ahmedabad,Gujarat,Credit Card,Delivered
